{
"type": "FeatureCollection",
"name": "nat_parks",
"crs": { "type": "name", "properties": { "name": "urn:ogc:def:crs:OGC:1.3:CRS84" } },
"features": [
{ "type": "Feature", "properties": { "fclass": "nature_reserve" }, "geometry": { "type": "MultiPolygon", "coordinates": [ [ [ [ 24.1771039, -18.3638056 ], [ 24.1821286, -18.3611301 ], [ 24.1851956, -18.3590407 ], [ 24.2120367, -18.3431868 ], [ 24.2172924, -18.3400227 ], [ 24.2182365, -18.3395043 ], [ 24.2232425, -18.3365033 ], [ 24.2281094, -18.3336421 ], [ 24.2327972, -18.3307942 ], [ 24.2342035, -18.3299659 ], [ 24.2351441, -18.3294194 ], [ 24.236431, -18.3286619 ], [ 24.2402196, -18.326387 ], [ 24.2421487, -18.3252567 ], [ 24.2432467, -18.3245851 ], [ 24.2440579, -18.3240148 ], [ 24.2547847, -18.3123469 ], [ 24.2626201, -18.3038381 ], [ 24.2851446, -18.2792797 ], [ 24.2909318, -18.2730011 ], [ 24.2969721, -18.2688739 ], [ 24.3047841, -18.2635018 ], [ 24.3125863, -18.2581335 ], [ 24.3162994, -18.2555618 ], [ 24.3176773, -18.2546336 ], [ 24.3180515, -18.254399 ], [ 24.3200896, -18.2530182 ], [ 24.3211975, -18.2522607 ], [ 24.3221928, -18.2514837 ], [ 24.3429242, -18.2290713 ], [ 24.3441144, -18.2277548 ], [ 24.3443446, -18.2275979 ], [ 24.3446466, -18.2274756 ], [ 24.3697675, -18.2216087 ], [ 24.3796372, -18.2205476 ], [ 24.3874139, -18.2196916 ], [ 24.3928082, -18.219059 ], [ 24.3933748, -18.2187571 ], [ 24.3972983, -18.2162009 ], [ 24.3987225, -18.2152796 ], [ 24.4001536, -18.2143722 ], [ 24.4030728, -18.2124244 ], [ 24.4036961, -18.2120454 ], [ 24.4060143, -18.2105165 ], [ 24.4080019, -18.2092271 ], [ 24.4096572, -18.2081825 ], [ 24.4114134, -18.2070339 ], [ 24.4134672, -18.2056905 ], [ 24.4147557, -18.2048745 ], [ 24.43881, -18.1891872 ], [ 24.4430469, -18.1864398 ], [ 24.4452508, -18.1850295 ], [ 24.4473058, -18.1836951 ], [ 24.4609279, -18.1766989 ], [ 24.4691599, -18.172432 ], [ 24.4704848, -18.1717163 ], [ 24.4738756, -18.1704857 ], [ 24.4836181, -18.1670498 ], [ 24.4904428, -18.1644698 ], [ 24.4980488, -18.1618321 ], [ 24.5047539, -18.1653756 ], [ 24.5097514, -18.1676858 ], [ 24.5179755, -18.1716294 ], [ 24.519554, -18.1718227 ], [ 24.5207386, -18.171948 ], [ 24.5210722, -18.1719533 ], [ 24.5214318, -18.1718355 ], [ 24.521675, -18.171684 ], [ 24.5460112, -18.1553996 ], [ 24.5578039, -18.1474013 ], [ 24.5610551, -18.1452309 ], [ 24.5619159, -18.1446422 ], [ 24.5682259, -18.1392483 ], [ 24.5727424, -18.1353875 ], [ 24.5820666, -18.1274966 ], [ 24.5861182, -18.123661 ], [ 24.5866421, -18.1232066 ], [ 24.591083, -18.1197299 ], [ 24.5913116, -18.1194875 ], [ 24.5993328, -18.1083292 ], [ 24.6076736, -18.0971513 ], [ 24.6104269, -18.0933671 ], [ 24.6110659, -18.0924348 ], [ 24.611737, -18.0915079 ], [ 24.6123684, -18.0906568 ], [ 24.6129969, -18.0898059 ], [ 24.6134933, -18.0891701 ], [ 24.613981, -18.0885591 ], [ 24.6149341, -18.0872556 ], [ 24.615907, -18.0859028 ], [ 24.6168251, -18.0845836 ], [ 24.6242977, -18.0742736 ], [ 24.6261366, -18.0717607 ], [ 24.6284179, -18.0686986 ], [ 24.6285109, -18.0686902 ], [ 24.6416859, -18.068658 ], [ 24.6472222, -18.0586834 ], [ 24.648063, -18.0568924 ], [ 24.6544219, -18.0457113 ], [ 24.6598538, -18.0359236 ], [ 24.6788717, -18.001635 ], [ 24.6689145, -17.9895213 ], [ 24.6641306, -17.9836929 ], [ 24.6684675, -17.9804037 ], [ 24.6704938, -17.9789608 ], [ 24.7029953, -17.9547145 ], [ 24.7133153, -17.9470423 ], [ 24.7219242, -17.9407771 ], [ 24.7202008, -17.9661587 ], [ 24.7090228, -18.1262769 ], [ 24.71172, -18.1581194 ], [ 24.7119775, -18.1601175 ], [ 24.7120821, -18.1615519 ], [ 24.7122109, -18.1646509 ], [ 24.7124147, -18.1657723 ], [ 24.7126427, -18.1688233 ], [ 24.7157514, -18.2036086 ], [ 24.7158694, -18.2040775 ], [ 24.7160545, -18.2044372 ], [ 24.7160437, -18.204692 ], [ 24.7158935, -18.2050895 ], [ 24.7158292, -18.2052934 ], [ 24.714885, -18.2262056 ], [ 24.7148126, -18.2262943 ], [ 24.7145873, -18.2263453 ], [ 24.6996474, -18.2257593 ], [ 24.6992343, -18.2257389 ], [ 24.699009, -18.2258052 ], [ 24.6988213, -18.2259071 ], [ 24.6986818, -18.2260905 ], [ 24.698258, -18.226814 ], [ 24.697845, -18.22767 ], [ 24.6976787, -18.2281846 ], [ 24.6973139, -18.2297692 ], [ 24.697161, -18.2304856 ], [ 24.6967225, -18.2329547 ], [ 24.6964167, -18.2345719 ], [ 24.6963651, -18.2351192 ], [ 24.6962283, -18.2357694 ], [ 24.6961638, -18.2360387 ], [ 24.6960656, -18.2362872 ], [ 24.6959468, -18.236616 ], [ 24.6958046, -18.2369024 ], [ 24.6953398, -18.2375851 ], [ 24.6947845, -18.2381791 ], [ 24.6943983, -18.238546 ], [ 24.6939209, -18.2388211 ], [ 24.6932503, -18.2390402 ], [ 24.6926629, -18.2392511 ], [ 24.6920567, -18.2395364 ], [ 24.691692, -18.2398166 ], [ 24.6913587, -18.2402024 ], [ 24.6909858, -18.240793 ], [ 24.6906271, -18.241394 ], [ 24.690147, -18.2418648 ], [ 24.6894899, -18.2422652 ], [ 24.6884706, -18.2428868 ], [ 24.6881354, -18.243169 ], [ 24.6871617, -18.2444967 ], [ 24.6863758, -18.2453292 ], [ 24.684627, -18.2468271 ], [ 24.6829104, -18.2483656 ], [ 24.6814942, -18.2492929 ], [ 24.6807351, -18.249948 ], [ 24.6798554, -18.2506307 ], [ 24.6787476, -18.2512084 ], [ 24.6780637, -18.251884 ], [ 24.6774816, -18.2522579 ], [ 24.6760037, -18.2526074 ], [ 24.6753493, -18.2527195 ], [ 24.6748665, -18.2529232 ], [ 24.6712374, -18.2545198 ], [ 24.6706366, -18.2548357 ], [ 24.6705427, -18.2549712 ], [ 24.6705106, -18.2552259 ], [ 24.6709585, -18.2574848 ], [ 24.6711945, -18.2587584 ], [ 24.6712723, -18.2594441 ], [ 24.6710685, -18.2603305 ], [ 24.6710014, -18.2607452 ], [ 24.6710336, -18.2627421 ], [ 24.6711731, -18.2667665 ], [ 24.6711301, -18.267826 ], [ 24.6709907, -18.2689569 ], [ 24.6709478, -18.2697312 ], [ 24.6710121, -18.270424 ], [ 24.6713474, -18.2712212 ], [ 24.6729353, -18.2739113 ], [ 24.674094, -18.2762035 ], [ 24.6747806, -18.2778845 ], [ 24.675014, -18.279328 ], [ 24.6750676, -18.2803366 ], [ 24.6749389, -18.2812229 ], [ 24.6744883, -18.2832502 ], [ 24.6743408, -18.2843331 ], [ 24.6742335, -18.2852397 ], [ 24.6742871, -18.2859426 ], [ 24.6744588, -18.2870021 ], [ 24.6746948, -18.2894062 ], [ 24.6746707, -18.2916137 ], [ 24.6741905, -18.2946625 ], [ 24.673815, -18.2964655 ], [ 24.6734798, -18.297145 ], [ 24.6724525, -18.2987473 ], [ 24.671047, -18.3011105 ], [ 24.6694028, -18.3034502 ], [ 24.6659508, -18.307436 ], [ 24.6638587, -18.3095139 ], [ 24.662421, -18.3107565 ], [ 24.6622708, -18.3109908 ], [ 24.6620992, -18.3114899 ], [ 24.6619275, -18.3127733 ], [ 24.6617344, -18.313965 ], [ 24.6616244, -18.3150619 ], [ 24.6616378, -18.3166539 ], [ 24.6618068, -18.3184842 ], [ 24.6618846, -18.3208502 ], [ 24.6618497, -18.3231387 ], [ 24.662421, -18.3267166 ], [ 24.6630004, -18.3287332 ], [ 24.6633759, -18.3301284 ], [ 24.6634081, -18.3307497 ], [ 24.6632659, -18.3311438 ], [ 24.6630621, -18.3313984 ], [ 24.6626115, -18.3317142 ], [ 24.6619677, -18.3320197 ], [ 24.6605837, -18.3325391 ], [ 24.6590817, -18.3331094 ], [ 24.6579471, -18.3335809 ], [ 24.6567347, -18.3343035 ], [ 24.6556484, -18.3350139 ], [ 24.6549081, -18.3356249 ], [ 24.6544468, -18.3361545 ], [ 24.6541062, -18.3368501 ], [ 24.6537414, -18.3379907 ], [ 24.6535241, -18.3388329 ], [ 24.6533444, -18.3402821 ], [ 24.6531593, -18.3413076 ], [ 24.6528589, -18.3421528 ], [ 24.6521428, -18.3433575 ], [ 24.6492004, -18.3453709 ], [ 24.6484923, -18.3457273 ], [ 24.6480524, -18.3458698 ], [ 24.6472692, -18.3460939 ], [ 24.6463895, -18.3463892 ], [ 24.6452441, -18.3469218 ], [ 24.6431842, -18.3484188 ], [ 24.6424091, -18.3490878 ], [ 24.6419477, -18.3498719 ], [ 24.640899, -18.3521866 ], [ 24.6389249, -18.3564023 ], [ 24.638021, -18.3581304 ], [ 24.637227, -18.3588635 ], [ 24.6360469, -18.3597291 ], [ 24.6354568, -18.3599633 ], [ 24.6349659, -18.3601089 ], [ 24.6345582, -18.3604246 ], [ 24.6340084, -18.361175 ], [ 24.6338072, -18.3618298 ], [ 24.633775, -18.3624509 ], [ 24.633944, -18.3631402 ], [ 24.6350705, -18.3659913 ], [ 24.6350303, -18.3679087 ], [ 24.6348774, -18.3694635 ], [ 24.6344831, -18.3703116 ], [ 24.6317553, -18.3731595 ], [ 24.630146, -18.374249 ], [ 24.6283784, -18.375087 ], [ 24.6261656, -18.3763566 ], [ 24.6239555, -18.3772425 ], [ 24.6209299, -18.3777923 ], [ 24.6183872, -18.3778737 ], [ 24.614954, -18.3785457 ], [ 24.6125614, -18.3795333 ], [ 24.6120706, -18.3794753 ], [ 24.6106946, -18.3788613 ], [ 24.6100321, -18.3829777 ], [ 24.6085757, -18.3849193 ], [ 24.6068537, -18.3867824 ], [ 24.6050781, -18.3886914 ], [ 24.6044665, -18.3895415 ], [ 24.603914, -18.3911755 ], [ 24.6017253, -18.3967444 ], [ 24.6007543, -18.3986888 ], [ 24.6000409, -18.3993455 ], [ 24.5987212, -18.4002006 ], [ 24.5979488, -18.4005315 ], [ 24.594993, -18.4016106 ], [ 24.5919996, -18.4035754 ], [ 24.5914471, -18.4040742 ], [ 24.5907738, -18.4049171 ], [ 24.5902562, -18.4058455 ], [ 24.5894998, -18.4068075 ], [ 24.5880863, -18.4089687 ], [ 24.5873594, -18.4103196 ], [ 24.587059, -18.4114444 ], [ 24.5870429, -18.4156435 ], [ 24.5866245, -18.4180254 ], [ 24.5863455, -18.418794 ], [ 24.5859003, -18.4195829 ], [ 24.5852995, -18.4202241 ], [ 24.584924, -18.420728 ], [ 24.5839691, -18.4227027 ], [ 24.5832395, -18.4235527 ], [ 24.5830732, -18.423853 ], [ 24.5828533, -18.4246673 ], [ 24.5825341, -18.4252251 ], [ 24.5801523, -18.4282736 ], [ 24.5789587, -18.430632 ], [ 24.5777169, -18.4320041 ], [ 24.5773923, -18.4326524 ], [ 24.577049, -18.4337975 ], [ 24.5749247, -18.4371716 ], [ 24.5726233, -18.4392784 ], [ 24.5717221, -18.4404387 ], [ 24.5703005, -18.4428661 ], [ 24.569335, -18.4455225 ], [ 24.5683855, -18.4478634 ], [ 24.567782, -18.4488893 ], [ 24.5665562, -18.4514356 ], [ 24.5647269, -18.4549875 ], [ 24.5637747, -18.4561202 ], [ 24.562093, -18.4574503 ], [ 24.5614117, -18.458005 ], [ 24.5607197, -18.4587326 ], [ 24.5600974, -18.4597147 ], [ 24.5596844, -18.4606051 ], [ 24.5592954, -18.4617022 ], [ 24.5585214, -18.4645804 ], [ 24.5573627, -18.4667276 ], [ 24.5554208, -18.4698619 ], [ 24.5535325, -18.4722126 ], [ 24.5496588, -18.4752638 ], [ 24.5440573, -18.4826234 ], [ 24.5423101, -18.4854613 ], [ 24.5423525, -18.4889702 ], [ 24.5421701, -18.4891839 ], [ 24.1771039, -18.3638056 ] ] ] ] } },
{ "type": "Feature", "properties": { "fclass": "Nxai Pan" }, "geometry": { "type": "MultiPolygon", "coordinates": [ [ [ [ 24.5577666, -20.0002127 ], [ 24.8159819, -19.5359819 ], [ 24.8289357, -19.5360829 ], [ 24.8327055, -19.5361244 ], [ 24.8364874, -19.5361093 ], [ 24.8435016, -19.5360916 ], [ 24.856997, -19.5362642 ], [ 24.9998521, -19.5377533 ], [ 24.9997319, -19.6402304 ], [ 24.9996938, -19.6726765 ], [ 24.9994971, -19.8401015 ], [ 24.9992214, -19.9967835 ], [ 24.9992584, -19.9982528 ], [ 24.9994157, -19.9991585 ], [ 24.9995156, -20.0001347 ], [ 24.999445, -20.0005767 ], [ 24.9991147, -20.0009439 ], [ 24.9951343, -20.0053686 ], [ 24.9927549, -20.0079654 ], [ 24.9903317, -20.0105288 ], [ 24.9864579, -20.0147672 ], [ 24.9847618, -20.0166896 ], [ 24.9817036, -20.0200608 ], [ 24.9793016, -20.0226395 ], [ 24.9766631, -20.0255745 ], [ 24.9734112, -20.0291939 ], [ 24.9672115, -20.0362456 ], [ 24.9610297, -20.0432455 ], [ 24.9556211, -20.0494274 ], [ 24.9521773, -20.0533695 ], [ 24.9512842, -20.0542966 ], [ 24.9507991, -20.0548002 ], [ 24.9494248, -20.0560277 ], [ 24.946757, -20.058222 ], [ 24.9440173, -20.0603193 ], [ 24.9410171, -20.0625945 ], [ 24.9397685, -20.0634765 ], [ 24.938564, -20.064398 ], [ 24.93907, -20.0823965 ], [ 24.9398303, -20.1051989 ], [ 24.9401953, -20.1167672 ], [ 24.9405685, -20.1300212 ], [ 24.9406032, -20.134541 ], [ 24.9407322, -20.1389756 ], [ 24.940921, -20.1455294 ], [ 24.9415945, -20.1671348 ], [ 24.9417338, -20.1718166 ], [ 24.9421663, -20.1866949 ], [ 24.9427169, -20.2040216 ], [ 24.9427246, -20.2088764 ], [ 24.9428761, -20.2140261 ], [ 24.9430514, -20.2180438 ], [ 24.9433353, -20.2248627 ], [ 24.9436957, -20.2248741 ], [ 24.943797, -20.2278569 ], [ 24.9439048, -20.2309367 ], [ 24.9451055, -20.2581496 ], [ 24.9484921, -20.2760725 ], [ 24.9487956, -20.2774333 ], [ 24.9414458, -20.2808379 ], [ 24.9395361, -20.281325 ], [ 24.908959, -20.2830087 ], [ 24.9067124, -20.2831415 ], [ 24.8961487, -20.2838055 ], [ 24.8908838, -20.2841374 ], [ 24.8825855, -20.2846605 ], [ 24.8752251, -20.2851269 ], [ 24.8634296, -20.2858681 ], [ 24.8545885, -20.2864237 ], [ 24.84387, -20.2871382 ], [ 24.8359592, -20.2876244 ], [ 24.8233057, -20.2884021 ], [ 24.8141152, -20.2889669 ], [ 24.8107806, -20.2891948 ], [ 24.7925637, -20.2903915 ], [ 24.779655, -20.2912379 ], [ 24.7796074, -20.291241 ], [ 24.7667118, -20.2920865 ], [ 24.7513825, -20.2930916 ], [ 24.7433797, -20.2936601 ], [ 24.7433684, -20.2936609 ], [ 24.7432099, -20.2936555 ], [ 24.7430639, -20.2936503 ], [ 24.7429777, -20.2936454 ], [ 24.7425931, -20.2936236 ], [ 24.7423794, -20.2936162 ], [ 24.7421676, -20.2936103 ], [ 24.7420108, -20.2935903 ], [ 24.7418106, -20.2935539 ], [ 24.741625, -20.2935074 ], [ 24.7414143, -20.2934624 ], [ 24.7407223, -20.2932377 ], [ 24.7403896, -20.2930993 ], [ 24.7400507, -20.2929391 ], [ 24.739819, -20.2928114 ], [ 24.7393125, -20.2924573 ], [ 24.7384782, -20.2918739 ], [ 24.7285975, -20.2823706 ], [ 24.7189442, -20.2731531 ], [ 24.7120638, -20.2666027 ], [ 24.7068898, -20.2616231 ], [ 24.695565, -20.2510324 ], [ 24.6945346, -20.2500878 ], [ 24.6913604, -20.2472565 ], [ 24.6872718, -20.2437038 ], [ 24.6852458, -20.2419961 ], [ 24.6844565, -20.2413155 ], [ 24.6694725, -20.2382767 ], [ 24.6650392, -20.2369484 ], [ 24.6609457, -20.2353574 ], [ 24.6572797, -20.2335072 ], [ 24.6542354, -20.2316629 ], [ 24.648958, -20.2286166 ], [ 24.6488342, -20.2282124 ], [ 24.6522265, -20.2222307 ], [ 24.6522342, -20.2221799 ], [ 24.6538545, -20.2113049 ], [ 24.6566486, -20.1928814 ], [ 24.6569788, -20.1908478 ], [ 24.6575335, -20.1877821 ], [ 24.6587689, -20.181854 ], [ 24.6593081, -20.1763331 ], [ 24.6584178, -20.1542779 ], [ 24.6548143, -20.1438325 ], [ 24.6512352, -20.1275707 ], [ 24.6519776, -20.1216886 ], [ 24.6528616, -20.1166263 ], [ 24.6576113, -20.0941721 ], [ 24.6721674, -20.0700774 ], [ 24.6864817, -20.0471544 ], [ 24.7155006, -20.0006731 ], [ 24.5577666, -20.0002127 ] ] ] ] } },
{ "type": "Feature", "properties": { "fclass": "Magadigadi" }, "geometry": { "type": "MultiPolygon", "coordinates": [ [ [ [ 24.261037, -20.2398526 ], [ 24.2611057, -20.2387896 ], [ 24.2614276, -20.2372172 ], [ 24.2634167, -20.232959 ], [ 24.2643222, -20.2310484 ], [ 24.2644874, -20.2293188 ], [ 24.2640716, -20.2274823 ], [ 24.2634947, -20.2256103 ], [ 24.2638907, -20.2254429 ], [ 24.3036411, -20.2060636 ], [ 24.3373275, -20.1866352 ], [ 24.3498853, -20.1876179 ], [ 24.3544579, -20.1877151 ], [ 24.3570978, -20.1876285 ], [ 24.3610073, -20.1875777 ], [ 24.3651948, -20.1872282 ], [ 24.3696253, -20.1867157 ], [ 24.3744533, -20.1858844 ], [ 24.3814839, -20.1843473 ], [ 24.3903598, -20.1823866 ], [ 24.3985803, -20.1811339 ], [ 24.4070228, -20.1805831 ], [ 24.4190007, -20.1808371 ], [ 24.4280406, -20.1818056 ], [ 24.4527244, -20.187052 ], [ 24.4846462, -20.1940492 ], [ 24.4989167, -20.1971933 ], [ 24.4991863, -20.1972527 ], [ 24.4997806, -20.1973836 ], [ 24.5127986, -20.2002517 ], [ 24.5223901, -20.2022007 ], [ 24.5300506, -20.2033127 ], [ 24.5651553, -20.2059708 ], [ 24.5739195, -20.207296 ], [ 24.5775466, -20.2081599 ], [ 24.5827815, -20.2094436 ], [ 24.5925254, -20.2127037 ], [ 24.6006976, -20.2158016 ], [ 24.6063882, -20.2174427 ], [ 24.6102342, -20.2183096 ], [ 24.6134628, -20.2190374 ], [ 24.6223527, -20.2209694 ], [ 24.6378261, -20.2238884 ], [ 24.6423957, -20.2252312 ], [ 24.6457131, -20.226574 ], [ 24.6488342, -20.2282124 ], [ 24.648958, -20.2286166 ], [ 24.6542354, -20.2316629 ], [ 24.6572797, -20.2335072 ], [ 24.6609457, -20.2353574 ], [ 24.6650392, -20.2369484 ], [ 24.6694725, -20.2382767 ], [ 24.6844565, -20.2413155 ], [ 24.6852458, -20.2419961 ], [ 24.6872718, -20.2437038 ], [ 24.6913604, -20.2472565 ], [ 24.6945346, -20.2500878 ], [ 24.695565, -20.2510324 ], [ 24.7068898, -20.2616231 ], [ 24.7120638, -20.2666027 ], [ 24.7189442, -20.2731531 ], [ 24.7285975, -20.2823706 ], [ 24.7384782, -20.2918739 ], [ 24.7393125, -20.2924573 ], [ 24.739819, -20.2928114 ], [ 24.7400507, -20.2929391 ], [ 24.7403896, -20.2930993 ], [ 24.7407223, -20.2932377 ], [ 24.7414143, -20.2934624 ], [ 24.741625, -20.2935074 ], [ 24.7418106, -20.2935539 ], [ 24.7420108, -20.2935903 ], [ 24.7421676, -20.2936103 ], [ 24.7423794, -20.2936162 ], [ 24.7425931, -20.2936236 ], [ 24.7429777, -20.2936454 ], [ 24.7430639, -20.2936503 ], [ 24.7432099, -20.2936555 ], [ 24.7433684, -20.2936609 ], [ 24.7433797, -20.2936601 ], [ 24.7513825, -20.2930916 ], [ 24.7667118, -20.2920865 ], [ 24.7796074, -20.291241 ], [ 24.779655, -20.2912379 ], [ 24.7925637, -20.2903915 ], [ 24.8107806, -20.2891948 ], [ 24.8141152, -20.2889669 ], [ 24.8233057, -20.2884021 ], [ 24.8359592, -20.2876244 ], [ 24.84387, -20.2871382 ], [ 24.8545885, -20.2864237 ], [ 24.8634296, -20.2858681 ], [ 24.8752251, -20.2851269 ], [ 24.8825855, -20.2846605 ], [ 24.8908838, -20.2841374 ], [ 24.8961487, -20.2838055 ], [ 24.9067124, -20.2831415 ], [ 24.908959, -20.2830087 ], [ 24.9395361, -20.281325 ], [ 24.9414458, -20.2808379 ], [ 24.9487956, -20.2774333 ], [ 24.9601612, -20.2727908 ], [ 24.9624807, -20.2718372 ], [ 24.9638331, -20.2715941 ], [ 24.9668023, -20.2715529 ], [ 24.9712891, -20.2716349 ], [ 24.9728003, -20.2718664 ], [ 24.9993777, -20.2780256 ], [ 25.0021871, -20.2780331 ], [ 25.0076803, -20.2775707 ], [ 25.0086024, -20.2772799 ], [ 25.0097627, -20.2767877 ], [ 25.1189379, -20.2245066 ], [ 25.1194243, -20.5462751 ], [ 25.1275226, -20.8341968 ], [ 24.5720388, -20.8340086 ], [ 24.5628345, -20.8340055 ], [ 24.5492199, -20.8340009 ], [ 24.5492144, -20.8339328 ], [ 24.5295876, -20.6597544 ], [ 24.4062061, -20.6597492 ], [ 24.405762, -20.6597354 ], [ 24.4079838, -20.6584409 ], [ 24.4084669, -20.657899 ], [ 24.4088389, -20.6571363 ], [ 24.4089253, -20.6564408 ], [ 24.4088456, -20.6557943 ], [ 24.4084176, -20.6547751 ], [ 24.4078503, -20.6531013 ], [ 24.4077639, -20.6511667 ], [ 24.4076943, -20.6495613 ], [ 24.4079458, -20.6488029 ], [ 24.4085377, -20.6477904 ], [ 24.4094338, -20.646304 ], [ 24.4114599, -20.6439323 ], [ 24.4137189, -20.6414898 ], [ 24.4149231, -20.6383035 ], [ 24.4163984, -20.6358873 ], [ 24.4195398, -20.6321101 ], [ 24.4235397, -20.6290031 ], [ 24.4280029, -20.6264326 ], [ 24.4305778, -20.6240228 ], [ 24.4326377, -20.6214522 ], [ 24.4326377, -20.6185602 ], [ 24.4309211, -20.6156682 ], [ 24.429692, -20.6105713 ], [ 24.4300628, -20.60892 ], [ 24.4312284, -20.6080446 ], [ 24.4334772, -20.6072854 ], [ 24.4359448, -20.6058313 ], [ 24.4374726, -20.6040839 ], [ 24.4390106, -20.6025129 ], [ 24.4413066, -20.6020107 ], [ 24.4423464, -20.6016032 ], [ 24.4431288, -20.6007136 ], [ 24.443624, -20.5991184 ], [ 24.4426267, -20.595893 ], [ 24.4405341, -20.5931729 ], [ 24.4395711, -20.5914458 ], [ 24.4393394, -20.5901964 ], [ 24.4400947, -20.5889751 ], [ 24.4410491, -20.5883521 ], [ 24.4431091, -20.5873879 ], [ 24.4449973, -20.5865844 ], [ 24.4460273, -20.5852988 ], [ 24.4464119, -20.5823141 ], [ 24.4472573, -20.5797348 ], [ 24.4489455, -20.5772635 ], [ 24.4510295, -20.5750822 ], [ 24.4526644, -20.5741489 ], [ 24.4551408, -20.5734269 ], [ 24.455982, -20.5726193 ], [ 24.4564986, -20.57196 ], [ 24.4561553, -20.56971 ], [ 24.4557256, -20.5685386 ], [ 24.4558514, -20.5677732 ], [ 24.4564205, -20.5666823 ], [ 24.4570704, -20.566005 ], [ 24.4579985, -20.5657142 ], [ 24.4593135, -20.5658591 ], [ 24.4607067, -20.5665397 ], [ 24.4619558, -20.5675487 ], [ 24.4633033, -20.5686416 ], [ 24.4653761, -20.5689671 ], [ 24.4672885, -20.5683465 ], [ 24.4690658, -20.5674259 ], [ 24.4699745, -20.5665917 ], [ 24.4704316, -20.5659937 ], [ 24.4707465, -20.5647277 ], [ 24.470453, -20.5623373 ], [ 24.4698882, -20.5610311 ], [ 24.4678679, -20.5574215 ], [ 24.46717, -20.5549076 ], [ 24.4671099, -20.5511745 ], [ 24.4669109, -20.5494808 ], [ 24.4668632, -20.5482632 ], [ 24.4672751, -20.5472977 ], [ 24.4682407, -20.5465935 ], [ 24.4689333, -20.546053 ], [ 24.4704187, -20.5451629 ], [ 24.4720449, -20.5440239 ], [ 24.4736648, -20.5409389 ], [ 24.4743514, -20.5378847 ], [ 24.475676, -20.5360451 ], [ 24.4778411, -20.5340015 ], [ 24.4794761, -20.5328059 ], [ 24.4806413, -20.5324824 ], [ 24.4821412, -20.5327034 ], [ 24.4834495, -20.5329014 ], [ 24.4851882, -20.5328139 ], [ 24.486711, -20.5324191 ], [ 24.4923759, -20.5284001 ], [ 24.4987752, -20.5238415 ], [ 24.5011613, -20.5218218 ], [ 24.5019889, -20.5203619 ], [ 24.5023454, -20.5176607 ], [ 24.5023564, -20.5175775 ], [ 24.5020433, -20.5151042 ], [ 24.5015056, -20.5118966 ], [ 24.5020622, -20.5087335 ], [ 24.5037792, -20.5053928 ], [ 24.5057386, -20.5030905 ], [ 24.5088386, -20.5014193 ], [ 24.5097137, -20.5007468 ], [ 24.5104571, -20.4995626 ], [ 24.5107253, -20.4985049 ], [ 24.5107639, -20.4967344 ], [ 24.5100214, -20.4938167 ], [ 24.5097073, -20.4918405 ], [ 24.5099909, -20.490601 ], [ 24.5108707, -20.4886754 ], [ 24.5126002, -20.4874131 ], [ 24.5138442, -20.4865819 ], [ 24.5151939, -20.4861937 ], [ 24.5161536, -20.4860661 ], [ 24.5165814, -20.4859558 ], [ 24.5169891, -20.4853209 ], [ 24.517028, -20.4843917 ], [ 24.5168001, -20.483183 ], [ 24.5167616, -20.4829789 ], [ 24.5153564, -20.4798916 ], [ 24.514849, -20.478646 ], [ 24.5145904, -20.477057 ], [ 24.5144987, -20.4752978 ], [ 24.5147366, -20.4738218 ], [ 24.5159131, -20.4712795 ], [ 24.5179056, -20.4683114 ], [ 24.5192663, -20.4665911 ], [ 24.51952, -20.4660481 ], [ 24.5195908, -20.4651796 ], [ 24.5194358, -20.4644338 ], [ 24.5189307, -20.4639885 ], [ 24.5183605, -20.4637387 ], [ 24.5182088, -20.4637152 ], [ 24.5173375, -20.4635399 ], [ 24.5165055, -20.4634877 ], [ 24.5146557, -20.4637293 ], [ 24.5133907, -20.4638253 ], [ 24.5126359, -20.4637318 ], [ 24.5121929, -20.4635956 ], [ 24.5115529, -20.4632212 ], [ 24.5107648, -20.4626188 ], [ 24.5105294, -20.4620964 ], [ 24.5104939, -20.4613108 ], [ 24.5105895, -20.4608374 ], [ 24.5109891, -20.4602242 ], [ 24.5116924, -20.4598578 ], [ 24.512148, -20.4597433 ], [ 24.5135549, -20.459406 ], [ 24.5144504, -20.4592168 ], [ 24.5149394, -20.4588833 ], [ 24.5152066, -20.4583495 ], [ 24.5152946, -20.4578047 ], [ 24.5152307, -20.4573478 ], [ 24.5150001, -20.4567507 ], [ 24.5146208, -20.4562607 ], [ 24.5138703, -20.4555414 ], [ 24.513659, -20.4552238 ], [ 24.5133392, -20.4544251 ], [ 24.5129106, -20.4532515 ], [ 24.5125916, -20.4515899 ], [ 24.5118706, -20.4486626 ], [ 24.5110123, -20.4452687 ], [ 24.5107751, -20.4423849 ], [ 24.510798, -20.438036 ], [ 24.5116003, -20.4359714 ], [ 24.5129576, -20.4344262 ], [ 24.5164752, -20.4311163 ], [ 24.518784, -20.4296727 ], [ 24.5194228, -20.428724 ], [ 24.5195827, -20.428498 ], [ 24.5196417, -20.4282618 ], [ 24.5196446, -20.4280634 ], [ 24.5194461, -20.4276211 ], [ 24.5191243, -20.4271435 ], [ 24.5185366, -20.4263515 ], [ 24.5181074, -20.4257382 ], [ 24.5179572, -20.4255069 ], [ 24.5178607, -20.4250947 ], [ 24.5175227, -20.423491 ], [ 24.5168605, -20.4215382 ], [ 24.5160207, -20.4195798 ], [ 24.5154765, -20.4187933 ], [ 24.5143231, -20.4177224 ], [ 24.5117345, -20.4148239 ], [ 24.5090577, -20.4123755 ], [ 24.5072582, -20.4109856 ], [ 24.5056298, -20.409384 ], [ 24.5052489, -20.4091125 ], [ 24.5027598, -20.4077902 ], [ 24.4998499, -20.4056713 ], [ 24.4989272, -20.4051635 ], [ 24.4943943, -20.4029512 ], [ 24.4912239, -20.4009149 ], [ 24.4891694, -20.3993714 ], [ 24.488413, -20.3987227 ], [ 24.4846633, -20.3948511 ], [ 24.4841078, -20.3940992 ], [ 24.4836142, -20.3930432 ], [ 24.4831415, -20.3918783 ], [ 24.4810815, -20.3906054 ], [ 24.4795161, -20.3896128 ], [ 24.4781401, -20.3876306 ], [ 24.4752397, -20.3860989 ], [ 24.4725733, -20.3857259 ], [ 24.4701425, -20.3860545 ], [ 24.4660048, -20.3872752 ], [ 24.4604469, -20.3884746 ], [ 24.455459, -20.3909613 ], [ 24.4517664, -20.3947372 ], [ 24.4479156, -20.3982896 ], [ 24.4431091, -20.399255 ], [ 24.4389553, -20.399382 ], [ 24.4352126, -20.3987723 ], [ 24.4290376, -20.3986721 ], [ 24.4227634, -20.3998768 ], [ 24.4187331, -20.4010248 ], [ 24.41324, -20.4035991 ], [ 24.4110818, -20.4044924 ], [ 24.4089425, -20.4043818 ], [ 24.4065737, -20.4036886 ], [ 24.4044966, -20.4025845 ], [ 24.4021565, -20.4010486 ], [ 24.3995071, -20.3989332 ], [ 24.3941154, -20.395137 ], [ 24.3922786, -20.3938558 ], [ 24.3900234, -20.3925424 ], [ 24.3879077, -20.3920537 ], [ 24.3862189, -20.3921 ], [ 24.3844895, -20.3924539 ], [ 24.3834981, -20.3925505 ], [ 24.3826525, -20.39222 ], [ 24.3820261, -20.3913699 ], [ 24.3818028, -20.3903012 ], [ 24.3819682, -20.3884253 ], [ 24.3812279, -20.3874015 ], [ 24.3797731, -20.3866171 ], [ 24.3770717, -20.3847104 ], [ 24.3737579, -20.3820382 ], [ 24.370668, -20.3797854 ], [ 24.3648315, -20.3770498 ], [ 24.3621436, -20.3763167 ], [ 24.3589504, -20.3744714 ], [ 24.3552597, -20.3680585 ], [ 24.3537705, -20.3646065 ], [ 24.3529337, -20.3632676 ], [ 24.3517961, -20.3620899 ], [ 24.3497984, -20.3608276 ], [ 24.3474937, -20.3596695 ], [ 24.3426871, -20.3564507 ], [ 24.337359, -20.3526367 ], [ 24.3359606, -20.3513934 ], [ 24.3351527, -20.3498949 ], [ 24.3358405, -20.3480377 ], [ 24.337194, -20.346794 ], [ 24.3392466, -20.3451577 ], [ 24.3397079, -20.3445194 ], [ 24.3399466, -20.343951 ], [ 24.3399563, -20.3434128 ], [ 24.3396537, -20.3427273 ], [ 24.3390823, -20.3421264 ], [ 24.3362822, -20.3401449 ], [ 24.3355119, -20.33924 ], [ 24.3352222, -20.3385524 ], [ 24.3349288, -20.3374086 ], [ 24.3351358, -20.3349052 ], [ 24.3358207, -20.3319858 ], [ 24.3358799, -20.3312412 ], [ 24.3357265, -20.3306013 ], [ 24.3353563, -20.3299929 ], [ 24.3346681, -20.3293956 ], [ 24.3338697, -20.3287695 ], [ 24.3327834, -20.3280572 ], [ 24.3312224, -20.3271578 ], [ 24.3302804, -20.3264651 ], [ 24.3297434, -20.3258529 ], [ 24.3286105, -20.3242703 ], [ 24.3276894, -20.3230082 ], [ 24.3265183, -20.3218718 ], [ 24.325204, -20.3211222 ], [ 24.3234874, -20.3206695 ], [ 24.3220878, -20.3205568 ], [ 24.3213529, -20.3206393 ], [ 24.320507, -20.3209115 ], [ 24.3197216, -20.3214859 ], [ 24.3193692, -20.3217742 ], [ 24.3188537, -20.3223673 ], [ 24.3182024, -20.32274 ], [ 24.3176268, -20.3228256 ], [ 24.3167663, -20.3226495 ], [ 24.315908, -20.3216837 ], [ 24.3139365, -20.3200823 ], [ 24.3115332, -20.3187462 ], [ 24.3087008, -20.3180338 ], [ 24.3049715, -20.317402 ], [ 24.3002422, -20.317893 ], [ 24.2963386, -20.3186251 ], [ 24.2896438, -20.319108 ], [ 24.2862106, -20.3181421 ], [ 24.2832923, -20.3150835 ], [ 24.2807174, -20.3107369 ], [ 24.2802024, -20.3055852 ], [ 24.2791724, -20.3012383 ], [ 24.2777991, -20.2980183 ], [ 24.2747092, -20.2936712 ], [ 24.270504, -20.2890164 ], [ 24.2689161, -20.2867602 ], [ 24.268384, -20.2844054 ], [ 24.2690449, -20.281179 ], [ 24.2705898, -20.2788442 ], [ 24.2728794, -20.2776265 ], [ 24.2753534, -20.2767891 ], [ 24.2781425, -20.2762816 ], [ 24.2805119, -20.2744744 ], [ 24.2817478, -20.2719121 ], [ 24.2825097, -20.2673998 ], [ 24.2827413, -20.2604387 ], [ 24.2826296, -20.2575038 ], [ 24.2820537, -20.2556493 ], [ 24.2815205, -20.2548609 ], [ 24.2805755, -20.2541092 ], [ 24.2797524, -20.2537859 ], [ 24.2754016, -20.2526659 ], [ 24.2708797, -20.2514366 ], [ 24.2694549, -20.2507602 ], [ 24.2682915, -20.2496968 ], [ 24.2671164, -20.2480457 ], [ 24.2643715, -20.2444831 ], [ 24.2623524, -20.2422947 ], [ 24.2613503, -20.2408512 ], [ 24.261037, -20.2398526 ] ] ] ] } },
{ "type": "Feature", "properties": { "fclass": "Central kalahari" }, "geometry": { "type": "MultiPolygon", "coordinates": [ [ [ [ 22.7966069, -23.3214453 ], [ 22.7966783, -23.2136332 ], [ 22.7969325, -22.9839373 ], [ 22.7973568, -22.244281 ], [ 22.7975709, -21.7010019 ], [ 22.7975107, -21.0294875 ], [ 22.7975641, -21.0209533 ], [ 22.7974544, -21.0013793 ], [ 22.7975366, -21.0008701 ], [ 22.8491538, -21.0010253 ], [ 22.8717346, -21.0012145 ], [ 22.9008245, -21.0014841 ], [ 22.9154708, -21.0015836 ], [ 22.9300501, -21.0016633 ], [ 22.9372006, -21.0017561 ], [ 22.9524103, -21.0018688 ], [ 22.9820619, -21.0021669 ], [ 23.0219017, -21.0024862 ], [ 23.0706984, -21.0029214 ], [ 23.1076549, -21.0032232 ], [ 23.1118824, -21.0032254 ], [ 23.1152356, -21.0032272 ], [ 23.1337421, -21.0019313 ], [ 23.136469, -21.0006036 ], [ 23.1389498, -20.9994054 ], [ 23.5485806, -21.0007471 ], [ 23.6567319, -21.0009075 ], [ 23.6725221, -21.0007557 ], [ 23.8672871, -21.0011202 ], [ 23.8844131, -21.0012705 ], [ 24.0065118, -21.1559624 ], [ 24.192968, -21.3911639 ], [ 24.207617, -21.4097066 ], [ 24.507426, -21.7859143 ], [ 24.5700684, -21.86419 ], [ 25.1958596, -22.640174 ], [ 25.4433051, -22.9433075 ], [ 25.4464227, -22.9472052 ], [ 25.2389829, -23.3210282 ], [ 24.6683815, -23.3208804 ], [ 24.4373973, -23.3212126 ], [ 24.2881956, -23.3211811 ], [ 23.9238127, -23.3204167 ], [ 23.804274, -23.3205248 ], [ 23.0590564, -23.3208141 ], [ 22.7966069, -23.3214453 ] ] ] ] } },
{ "type": "Feature", "properties": { "fclass": "Moremi" }, "geometry": { "type": "MultiPolygon", "coordinates": [ [ [ [ 22.5545785, -18.9949289 ], [ 22.5546295, -18.9946804 ], [ 22.5547358, -18.9945683 ], [ 22.5549353, -18.9944674 ], [ 22.5552464, -18.9944724 ], [ 22.5555511, -18.9944181 ], [ 22.5557775, -18.9942644 ], [ 22.5562378, -18.9936548 ], [ 22.5564201, -18.9932262 ], [ 22.5564309, -18.9927849 ], [ 22.5565849, -18.9927022 ], [ 22.5568923, -18.9927042 ], [ 22.5570596, -18.9926337 ], [ 22.5572554, -18.9924055 ], [ 22.5575289, -18.9919032 ], [ 22.5578687, -18.991639 ], [ 22.5579142, -18.9914382 ], [ 22.5578122, -18.9912149 ], [ 22.5575279, -18.991078 ], [ 22.5571534, -18.991003 ], [ 22.5570247, -18.9908584 ], [ 22.5570264, -18.9905839 ], [ 22.5571255, -18.9903983 ], [ 22.5575289, -18.9901508 ], [ 22.5578133, -18.9898413 ], [ 22.5579438, -18.9894502 ], [ 22.5580681, -18.9893366 ], [ 22.5582227, -18.9892828 ], [ 22.5583739, -18.989296 ], [ 22.5584641, -18.9893336 ], [ 22.558618, -18.9897069 ], [ 22.5589226, -18.9902867 ], [ 22.5590837, -18.9904647 ], [ 22.5596398, -18.9906199 ], [ 22.5598883, -18.9907863 ], [ 22.5602961, -18.9912535 ], [ 22.5605143, -18.9912692 ], [ 22.5608191, -18.9911723 ], [ 22.5610873, -18.9911622 ], [ 22.5615791, -18.9913682 ], [ 22.5621102, -18.991429 ], [ 22.5623345, -18.9915527 ], [ 22.562592, -18.9915933 ], [ 22.56288, -18.9914924 ], [ 22.5630731, -18.9913275 ], [ 22.5636486, -18.9905999 ], [ 22.5639573, -18.9901857 ], [ 22.5641487, -18.9897551 ], [ 22.5642667, -18.9894761 ], [ 22.5643568, -18.9893509 ], [ 22.564551, -18.9892986 ], [ 22.5648075, -18.9892055 ], [ 22.5649104, -18.9891109 ], [ 22.5651035, -18.9888674 ], [ 22.5651535, -18.9885848 ], [ 22.5651143, -18.9882891 ], [ 22.5653412, -18.987966 ], [ 22.5655156, -18.9878473 ], [ 22.5656604, -18.9878113 ], [ 22.5659431, -18.9878123 ], [ 22.5661755, -18.9879209 ], [ 22.5663819, -18.9880675 ], [ 22.5666635, -18.9882653 ], [ 22.5669436, -18.988416 ], [ 22.5669918, -18.9885123 ], [ 22.5671008, -18.988773 ], [ 22.5672064, -18.988908 ], [ 22.5674853, -18.9891718 ], [ 22.5678276, -18.9893533 ], [ 22.5682835, -18.9894802 ], [ 22.5685357, -18.9895157 ], [ 22.5686805, -18.98947 ], [ 22.5687824, -18.9892925 ], [ 22.5688693, -18.9886645 ], [ 22.5687771, -18.9883084 ], [ 22.5687906, -18.9880908 ], [ 22.568879, -18.9878773 ], [ 22.5692019, -18.9875891 ], [ 22.5693698, -18.9874132 ], [ 22.5695336, -18.9873984 ], [ 22.5697642, -18.9874512 ], [ 22.5700137, -18.9875201 ], [ 22.5703633, -18.9875916 ], [ 22.5706145, -18.9876977 ], [ 22.5709175, -18.9876896 ], [ 22.5710839, -18.9876267 ], [ 22.5712314, -18.987652 ], [ 22.5713521, -18.987756 ], [ 22.5715489, -18.9879112 ], [ 22.5718322, -18.9879969 ], [ 22.5722275, -18.9879518 ], [ 22.5725922, -18.9878833 ], [ 22.5728112, -18.987789 ], [ 22.5730203, -18.9876693 ], [ 22.5735568, -18.9873446 ], [ 22.5737366, -18.9871321 ], [ 22.5738368, -18.9869601 ], [ 22.573884, -18.986845 ], [ 22.5740397, -18.9867187 ], [ 22.5742945, -18.9865741 ], [ 22.5747273, -18.9864402 ], [ 22.575386, -18.9862262 ], [ 22.5755389, -18.986216 ], [ 22.5756772, -18.9862431 ], [ 22.5758256, -18.9863349 ], [ 22.5759531, -18.9864947 ], [ 22.5760764, -18.9867838 ], [ 22.5761019, -18.9870223 ], [ 22.5760469, -18.9874877 ], [ 22.5760244, -18.9877504 ], [ 22.5760325, -18.987994 ], [ 22.5760272, -18.9882886 ], [ 22.5761479, -18.9885156 ], [ 22.5763451, -18.9886462 ], [ 22.5766656, -18.9886703 ], [ 22.5771886, -18.9886361 ], [ 22.577666, -18.9884941 ], [ 22.5780845, -18.9882024 ], [ 22.5784063, -18.9879969 ], [ 22.5788033, -18.9879107 ], [ 22.579262, -18.9879589 ], [ 22.5802061, -18.9882709 ], [ 22.5812897, -18.9887908 ], [ 22.5823224, -18.9895187 ], [ 22.5830922, -18.9903467 ], [ 22.5835347, -18.9910988 ], [ 22.5842428, -18.9926129 ], [ 22.5846937, -18.9939397 ], [ 22.5847473, -18.9947512 ], [ 22.5846387, -18.9950644 ], [ 22.5842854, -18.995365 ], [ 22.5837812, -18.9957099 ], [ 22.5833955, -18.9961208 ], [ 22.5832238, -18.9965773 ], [ 22.5831916, -18.9968512 ], [ 22.5833633, -18.997541 ], [ 22.5839212, -18.9983931 ], [ 22.584801, -18.9992554 ], [ 22.5855734, -18.9996612 ], [ 22.5860562, -18.9998438 ], [ 22.5872686, -19.0000264 ], [ 22.5877938, -19.0001532 ], [ 22.58832, -19.0003713 ], [ 22.5888136, -19.0008785 ], [ 22.5890491, -19.0013908 ], [ 22.5898006, -19.0033739 ], [ 22.5902083, -19.0039927 ], [ 22.5909593, -19.0045202 ], [ 22.5917211, -19.0049564 ], [ 22.5920107, -19.0053723 ], [ 22.5921711, -19.0057832 ], [ 22.5922361, -19.0062751 ], [ 22.5920751, -19.0068432 ], [ 22.5917854, -19.0075431 ], [ 22.5916245, -19.0080402 ], [ 22.5917313, -19.0088263 ], [ 22.5919029, -19.0091712 ], [ 22.5924721, -19.0096835 ], [ 22.5938132, -19.0104747 ], [ 22.5942638, -19.0106065 ], [ 22.594532, -19.0106268 ], [ 22.5948748, -19.0106015 ], [ 22.5951972, -19.0104442 ], [ 22.59554, -19.010216 ], [ 22.5959375, -19.0098863 ], [ 22.5963988, -19.0095922 ], [ 22.5967314, -19.0094907 ], [ 22.5969567, -19.0094907 ], [ 22.597225, -19.0095617 ], [ 22.5974605, -19.0098001 ], [ 22.5976219, -19.0101906 ], [ 22.5976219, -19.0105254 ], [ 22.5975248, -19.0107942 ], [ 22.5972244, -19.0111695 ], [ 22.5967851, -19.0116919 ], [ 22.5966241, -19.0121687 ], [ 22.5966134, -19.0125744 ], [ 22.5967851, -19.012899 ], [ 22.597064, -19.0131424 ], [ 22.5976327, -19.0132439 ], [ 22.5980404, -19.0131729 ], [ 22.5985553, -19.0130613 ], [ 22.5988557, -19.0129497 ], [ 22.5992098, -19.012544 ], [ 22.5993493, -19.0120672 ], [ 22.5994887, -19.0116412 ], [ 22.5996068, -19.0114485 ], [ 22.5998208, -19.0114231 ], [ 22.6000145, -19.0115499 ], [ 22.6002285, -19.011768 ], [ 22.60039, -19.0121179 ], [ 22.6006367, -19.0128787 ], [ 22.6010122, -19.0142886 ], [ 22.6021275, -19.0170629 ], [ 22.6026854, -19.0187872 ], [ 22.6028147, -19.0195936 ], [ 22.602761, -19.0201717 ], [ 22.6023855, -19.0211962 ], [ 22.6016452, -19.0230422 ], [ 22.6014301, -19.0235139 ], [ 22.6010015, -19.0239449 ], [ 22.6001325, -19.0245535 ], [ 22.5996282, -19.0250606 ], [ 22.59936, -19.0255779 ], [ 22.5991347, -19.0261256 ], [ 22.5990703, -19.0265415 ], [ 22.5991556, -19.027003 ], [ 22.5993707, -19.0274645 ], [ 22.5997784, -19.0277992 ], [ 22.6001969, -19.028002 ], [ 22.6005187, -19.0279919 ], [ 22.6007655, -19.0279614 ], [ 22.6010122, -19.0278296 ], [ 22.6013448, -19.0274239 ], [ 22.6017311, -19.0264299 ], [ 22.6021924, -19.0257301 ], [ 22.6024601, -19.0254816 ], [ 22.6027181, -19.0253953 ], [ 22.6029112, -19.0253852 ], [ 22.6031151, -19.0254359 ], [ 22.6034901, -19.0262118 ], [ 22.6037368, -19.0266581 ], [ 22.6039305, -19.0269979 ], [ 22.604306, -19.0274137 ], [ 22.6049605, -19.0277992 ], [ 22.6055505, -19.028002 ], [ 22.607589, -19.0282759 ], [ 22.6079533, -19.0284534 ], [ 22.608383, -19.0287627 ], [ 22.6087263, -19.0292293 ], [ 22.6088765, -19.029564 ], [ 22.6088872, -19.0299392 ], [ 22.6087472, -19.0303703 ], [ 22.6084044, -19.0310448 ], [ 22.6069346, -19.0327385 ], [ 22.6065692, -19.0330175 ], [ 22.6060119, -19.0331645 ], [ 22.6056793, -19.033124 ], [ 22.6054534, -19.0329972 ], [ 22.6051858, -19.0327791 ], [ 22.6048532, -19.0327081 ], [ 22.6045957, -19.0328603 ], [ 22.6043596, -19.0332051 ], [ 22.6039412, -19.0338542 ], [ 22.6033828, -19.0344475 ], [ 22.6030078, -19.0348684 ], [ 22.6029649, -19.0351828 ], [ 22.6029542, -19.0354161 ], [ 22.6032009, -19.0355784 ], [ 22.6034584, -19.0357001 ], [ 22.6037588, -19.0357305 ], [ 22.6041016, -19.0356139 ], [ 22.6044884, -19.0355074 ], [ 22.6047995, -19.0354567 ], [ 22.6051107, -19.0355581 ], [ 22.6052716, -19.0358015 ], [ 22.6052501, -19.0363796 ], [ 22.605175, -19.0366027 ], [ 22.6050248, -19.0367447 ], [ 22.6048317, -19.0367954 ], [ 22.6044669, -19.036694 ], [ 22.6040163, -19.0364709 ], [ 22.603555, -19.0362478 ], [ 22.6032009, -19.0361058 ], [ 22.6028249, -19.0361717 ], [ 22.6025679, -19.03641 ], [ 22.6025465, -19.0367549 ], [ 22.6027718, -19.0370997 ], [ 22.6031146, -19.0373786 ], [ 22.6032648, -19.0377336 ], [ 22.6032975, -19.0380733 ], [ 22.6031467, -19.0384739 ], [ 22.602761, -19.0391788 ], [ 22.6024499, -19.0398786 ], [ 22.602385, -19.0405125 ], [ 22.6025143, -19.0409131 ], [ 22.602761, -19.0412477 ], [ 22.6030936, -19.0414303 ], [ 22.6032868, -19.0414404 ], [ 22.6035335, -19.0413999 ], [ 22.6038017, -19.041268 ], [ 22.60407, -19.0410855 ], [ 22.604306, -19.0410145 ], [ 22.6044449, -19.0410601 ], [ 22.6046171, -19.0413187 ], [ 22.6047673, -19.0417041 ], [ 22.6048097, -19.0421656 ], [ 22.6049921, -19.0426828 ], [ 22.6053038, -19.0431848 ], [ 22.6057222, -19.0433572 ], [ 22.6063552, -19.0433978 ], [ 22.6076105, -19.0434383 ], [ 22.6078572, -19.0434485 ], [ 22.6080718, -19.0436615 ], [ 22.608222, -19.0440266 ], [ 22.6085117, -19.0444119 ], [ 22.6087585, -19.0445742 ], [ 22.6090696, -19.0446452 ], [ 22.6093271, -19.0446858 ], [ 22.6095739, -19.0446959 ], [ 22.6098528, -19.0448075 ], [ 22.6100888, -19.0449596 ], [ 22.6101961, -19.0451421 ], [ 22.6101639, -19.0454464 ], [ 22.6097133, -19.0457912 ], [ 22.6088228, -19.0461969 ], [ 22.6085761, -19.0461969 ], [ 22.60834, -19.0461259 ], [ 22.6081571, -19.0459687 ], [ 22.6080284, -19.0457557 ], [ 22.607846, -19.0455529 ], [ 22.607589, -19.0455174 ], [ 22.6073524, -19.0455934 ], [ 22.6072028, -19.0458216 ], [ 22.6070204, -19.0463388 ], [ 22.6066336, -19.0473783 ], [ 22.6064732, -19.0475862 ], [ 22.6062265, -19.0477485 ], [ 22.6058397, -19.0478955 ], [ 22.6055715, -19.0482302 ], [ 22.6050892, -19.0488539 ], [ 22.6047459, -19.0493508 ], [ 22.6045313, -19.0499593 ], [ 22.6044455, -19.0505069 ], [ 22.6041982, -19.051161 ], [ 22.6037797, -19.0517391 ], [ 22.6033404, -19.052018 ], [ 22.6030716, -19.0521143 ], [ 22.6026318, -19.052094 ], [ 22.6023957, -19.0519622 ], [ 22.6020851, -19.0516123 ], [ 22.6016238, -19.0513284 ], [ 22.6013663, -19.0511864 ], [ 22.6010653, -19.0512219 ], [ 22.600862, -19.0513892 ], [ 22.6008508, -19.0516681 ], [ 22.6009157, -19.052089 ], [ 22.6010761, -19.0524997 ], [ 22.6011839, -19.0528698 ], [ 22.6011941, -19.0532704 ], [ 22.6010766, -19.0534986 ], [ 22.6008299, -19.0537115 ], [ 22.6004645, -19.0538484 ], [ 22.6001861, -19.0538332 ], [ 22.5998857, -19.0537724 ], [ 22.5996068, -19.0535696 ], [ 22.5994244, -19.0532045 ], [ 22.5991991, -19.052454 ], [ 22.5989416, -19.0517644 ], [ 22.5986841, -19.0515515 ], [ 22.5984373, -19.0514805 ], [ 22.5982227, -19.0515819 ], [ 22.5981155, -19.0517949 ], [ 22.5981686, -19.0522664 ], [ 22.5982442, -19.0526366 ], [ 22.5984695, -19.0531538 ], [ 22.5985124, -19.0535391 ], [ 22.5982871, -19.0538231 ], [ 22.5980511, -19.0539549 ], [ 22.5975892, -19.0539904 ], [ 22.5973639, -19.0539701 ], [ 22.5970748, -19.0538535 ], [ 22.5968816, -19.0535797 ], [ 22.5968811, -19.0532704 ], [ 22.5969889, -19.0529915 ], [ 22.5970635, -19.0527329 ], [ 22.5969562, -19.0525402 ], [ 22.5966236, -19.0524185 ], [ 22.5963559, -19.0525047 ], [ 22.5961194, -19.0527938 ], [ 22.5959155, -19.053169 ], [ 22.5955722, -19.0532907 ], [ 22.595261, -19.0532501 ], [ 22.5950787, -19.0531994 ], [ 22.5949719, -19.0530219 ], [ 22.5947675, -19.0525301 ], [ 22.5945213, -19.0520484 ], [ 22.5942745, -19.051663 ], [ 22.5939307, -19.0513132 ], [ 22.5936093, -19.051156 ], [ 22.593266, -19.051156 ], [ 22.5929871, -19.0513487 ], [ 22.5929007, -19.0517797 ], [ 22.5929871, -19.0522208 ], [ 22.5931153, -19.0525504 ], [ 22.5934162, -19.0531132 ], [ 22.5934913, -19.0534884 ], [ 22.5933948, -19.0537825 ], [ 22.59303, -19.0541172 ], [ 22.5923428, -19.0546597 ], [ 22.5920429, -19.0550704 ], [ 22.5920102, -19.055471 ], [ 22.5921502, -19.0562366 ], [ 22.5924077, -19.0570073 ], [ 22.5926223, -19.0573116 ], [ 22.5928267, -19.0574333 ], [ 22.5933084, -19.0574079 ], [ 22.5938776, -19.0572304 ], [ 22.5943389, -19.0571189 ], [ 22.5947359, -19.0570682 ], [ 22.5949934, -19.0570783 ], [ 22.5952401, -19.0571797 ], [ 22.5955078, -19.057418 ], [ 22.595776, -19.0578034 ], [ 22.5957868, -19.0580671 ], [ 22.5956586, -19.0582851 ], [ 22.5953689, -19.0583763 ], [ 22.5951865, -19.0583561 ], [ 22.5950577, -19.0583256 ], [ 22.5948324, -19.058204 ], [ 22.5946179, -19.058133 ], [ 22.5943276, -19.0581685 ], [ 22.5941882, -19.0584321 ], [ 22.5942316, -19.0589848 ], [ 22.594178, -19.059431 ], [ 22.5941345, -19.0601155 ], [ 22.5940921, -19.0611447 ], [ 22.5939634, -19.0616112 ], [ 22.5939199, -19.0620016 ], [ 22.5940492, -19.06228 ], [ 22.5943067, -19.0625031 ], [ 22.59465, -19.0629695 ], [ 22.5947466, -19.0632028 ], [ 22.5947144, -19.0634056 ], [ 22.5945428, -19.0635374 ], [ 22.5943276, -19.0636647 ], [ 22.5939736, -19.0636647 ], [ 22.593663, -19.0636388 ], [ 22.5933733, -19.0635678 ], [ 22.5931909, -19.0634867 ], [ 22.5930402, -19.0632895 ], [ 22.5930187, -19.0630765 ], [ 22.59303, -19.0628174 ], [ 22.5929758, -19.0626303 ], [ 22.5928154, -19.0624929 ], [ 22.5925257, -19.0624524 ], [ 22.592279, -19.0625031 ], [ 22.5920966, -19.0626957 ], [ 22.5919351, -19.0630765 ], [ 22.5918391, -19.0635982 ], [ 22.5917103, -19.0643892 ], [ 22.5916991, -19.0646686 ], [ 22.5919142, -19.0649469 ], [ 22.5921824, -19.0650889 ], [ 22.5924614, -19.0650686 ], [ 22.5926652, -19.0650585 ], [ 22.5929549, -19.0650179 ], [ 22.5932231, -19.0650483 ], [ 22.5935879, -19.0652308 ], [ 22.5938883, -19.0655046 ], [ 22.5940707, -19.0655858 ], [ 22.5942853, -19.0655655 ], [ 22.594693, -19.0654742 ], [ 22.5951114, -19.065312 ], [ 22.5953474, -19.0653018 ], [ 22.5957122, -19.0654235 ], [ 22.5960662, -19.0656466 ], [ 22.5963345, -19.0658697 ], [ 22.5967314, -19.0661333 ], [ 22.5973537, -19.0664781 ], [ 22.5978365, -19.0668127 ], [ 22.5981369, -19.0671068 ], [ 22.598212, -19.0675428 ], [ 22.5982657, -19.0679484 ], [ 22.5982442, -19.0683845 ], [ 22.5984051, -19.0686988 ], [ 22.5987908, -19.0689579 ], [ 22.59936, -19.0692666 ], [ 22.5995746, -19.0694593 ], [ 22.6000359, -19.070088 ], [ 22.6005187, -19.0705747 ], [ 22.6008191, -19.0707167 ], [ 22.6010873, -19.0707369 ], [ 22.6012263, -19.0707121 ], [ 22.6014521, -19.0705747 ], [ 22.6016989, -19.0705037 ], [ 22.6019237, -19.0706006 ], [ 22.6020851, -19.0708181 ], [ 22.6022563, -19.0710264 ], [ 22.602525, -19.0711932 ], [ 22.6028683, -19.0713149 ], [ 22.6033136, -19.0714366 ], [ 22.6042357, -19.0716653 ], [ 22.6045474, -19.0718523 ], [ 22.604681, -19.0719796 ], [ 22.6047292, -19.0721672 ], [ 22.6047829, -19.0724714 ], [ 22.60488, -19.0727649 ], [ 22.6049926, -19.0729221 ], [ 22.6051799, -19.0730848 ], [ 22.6055076, -19.0733226 ], [ 22.6058509, -19.0735863 ], [ 22.6062157, -19.0739259 ], [ 22.6065591, -19.0743417 ], [ 22.6072779, -19.0751072 ], [ 22.607809, -19.075452 ], [ 22.6083132, -19.0756244 ], [ 22.6085112, -19.0756451 ], [ 22.6090911, -19.0757156 ], [ 22.6093754, -19.0757004 ], [ 22.6096538, -19.0756299 ], [ 22.6099762, -19.0755635 ], [ 22.6102444, -19.0755179 ], [ 22.6107057, -19.0754976 ], [ 22.6110485, -19.075559 ], [ 22.6112797, -19.0757156 ], [ 22.6117191, -19.0759645 ], [ 22.6119444, -19.0760913 ], [ 22.6124116, -19.0761972 ], [ 22.6127764, -19.0762327 ], [ 22.6129695, -19.0762378 ], [ 22.6131841, -19.0762581 ], [ 22.6135215, -19.07636 ], [ 22.6136503, -19.0764411 ], [ 22.6137259, -19.0765521 ], [ 22.6137844, -19.0766794 ], [ 22.6138278, -19.0769222 ], [ 22.6138112, -19.0770596 ], [ 22.6137146, -19.0772523 ], [ 22.6135113, -19.0774647 ], [ 22.6131192, -19.0778606 ], [ 22.6130285, -19.0781136 ], [ 22.6131514, -19.0782561 ], [ 22.6133343, -19.0783316 ], [ 22.6142409, -19.0784787 ], [ 22.6146963, -19.0786313 ], [ 22.6151958, -19.0789197 ], [ 22.6153401, -19.0791078 ], [ 22.61556, -19.0794678 ], [ 22.6157376, -19.079888 ], [ 22.6161125, -19.0802688 ], [ 22.6169231, -19.0807347 ], [ 22.617819, -19.0813583 ], [ 22.618092, -19.0817136 ], [ 22.6182208, -19.0821091 ], [ 22.6182749, -19.0824381 ], [ 22.618269, -19.0826566 ], [ 22.6181457, -19.0830064 ], [ 22.6178023, -19.0832903 ], [ 22.6176039, -19.0834221 ], [ 22.617282, -19.0834981 ], [ 22.6171377, -19.0835686 ], [ 22.6171645, -19.0837004 ], [ 22.6172611, -19.0838221 ], [ 22.6173684, -19.0839083 ], [ 22.6175078, -19.0839945 ], [ 22.6176473, -19.0840147 ], [ 22.6178458, -19.0840097 ], [ 22.618055, -19.0839488 ], [ 22.6182749, -19.0838728 ], [ 22.6186714, -19.0836705 ], [ 22.6189401, -19.0834875 ], [ 22.6190903, -19.0832949 ], [ 22.6193586, -19.0828589 ], [ 22.6195082, -19.082616 ], [ 22.6196911, -19.0825293 ], [ 22.619873, -19.08254 ], [ 22.6200023, -19.0825902 ], [ 22.6200988, -19.0826966 ], [ 22.620211, -19.0829304 ], [ 22.6202759, -19.0831276 ], [ 22.6203939, -19.0833658 ], [ 22.6205602, -19.0835585 ], [ 22.6207962, -19.0836954 ], [ 22.6210591, -19.083741 ], [ 22.621316, -19.0837466 ], [ 22.6216062, -19.0836548 ], [ 22.6217345, -19.0835286 ], [ 22.6218203, -19.0833359 ], [ 22.6218739, -19.0830926 ], [ 22.6219651, -19.0826059 ], [ 22.6220729, -19.0822252 ], [ 22.622089, -19.0816776 ], [ 22.6221266, -19.0813025 ], [ 22.6221802, -19.081049 ], [ 22.6223197, -19.0808969 ], [ 22.6224699, -19.0808766 ], [ 22.6225933, -19.0808817 ], [ 22.6227006, -19.0809476 ], [ 22.6227971, -19.0810794 ], [ 22.6228234, -19.0813131 ], [ 22.6228181, -19.0815261 ], [ 22.6228073, -19.0816528 ], [ 22.6227811, -19.0818145 ], [ 22.6227859, -19.0819519 ], [ 22.6228401, -19.0820731 ], [ 22.6230439, -19.082357 ], [ 22.623156, -19.0825755 ], [ 22.6231775, -19.0828188 ], [ 22.6230922, -19.0830363 ], [ 22.6229683, -19.083199 ], [ 22.6228132, -19.0833456 ], [ 22.6225713, -19.0835032 ], [ 22.6223787, -19.0836447 ], [ 22.6222071, -19.0838981 ], [ 22.6221207, -19.084213 ], [ 22.6221368, -19.0844208 ], [ 22.6222175, -19.0847554 ], [ 22.6222873, -19.0849632 ], [ 22.6224965, -19.0852268 ], [ 22.6227862, -19.0853536 ], [ 22.6230061, -19.0852928 ], [ 22.6232958, -19.0852522 ], [ 22.6234836, -19.0852674 ], [ 22.6238054, -19.0853739 ], [ 22.6240522, -19.0854955 ], [ 22.6243043, -19.0855969 ], [ 22.6245135, -19.0856324 ], [ 22.6248818, -19.0856426 ], [ 22.6250929, -19.085602 ], [ 22.625268, -19.0854753 ], [ 22.6253879, -19.085313 ], [ 22.6254201, -19.0850748 ], [ 22.6253699, -19.0848517 ], [ 22.625286, -19.0845982 ], [ 22.6252645, -19.0843853 ], [ 22.6253378, -19.0841927 ], [ 22.6255542, -19.0839949 ], [ 22.6256991, -19.0839848 ], [ 22.6259512, -19.0840254 ], [ 22.626121, -19.0841622 ], [ 22.6261961, -19.0843397 ], [ 22.6261926, -19.084583 ], [ 22.6260799, -19.0851762 ], [ 22.625978, -19.0855665 ], [ 22.6258493, -19.0858758 ], [ 22.6257634, -19.0861343 ], [ 22.6257634, -19.0863726 ], [ 22.6258224, -19.0864993 ], [ 22.6258975, -19.0865703 ], [ 22.6260585, -19.0866058 ], [ 22.6264267, -19.0866362 ], [ 22.6267969, -19.0865906 ], [ 22.62699, -19.0864892 ], [ 22.6271134, -19.0862864 ], [ 22.6272333, -19.0859873 ], [ 22.6273781, -19.0857642 ], [ 22.6276088, -19.0855412 ], [ 22.6278234, -19.0853891 ], [ 22.6283579, -19.0850393 ], [ 22.6285744, -19.084943 ], [ 22.6287675, -19.0849227 ], [ 22.6290124, -19.0849531 ], [ 22.6292879, -19.0850596 ], [ 22.6295078, -19.0852015 ], [ 22.6296151, -19.0853536 ], [ 22.6296473, -19.0855868 ], [ 22.6295668, -19.0858453 ], [ 22.6294059, -19.086185 ], [ 22.6292342, -19.0866159 ], [ 22.6290196, -19.0869606 ], [ 22.6288158, -19.0871279 ], [ 22.6285886, -19.0872648 ], [ 22.6283062, -19.0874017 ], [ 22.6281219, -19.0875233 ], [ 22.6278877, -19.0877464 ], [ 22.6277805, -19.0879238 ], [ 22.6277322, -19.0881469 ], [ 22.627759, -19.0883192 ], [ 22.6278341, -19.0885524 ], [ 22.6279234, -19.0887451 ], [ 22.6280629, -19.0888566 ], [ 22.6282579, -19.0889732 ], [ 22.6286388, -19.0891506 ], [ 22.6288265, -19.0893331 ], [ 22.6290304, -19.08947 ], [ 22.6295239, -19.0895866 ], [ 22.6298028, -19.0895613 ], [ 22.6300316, -19.0894345 ], [ 22.6301837, -19.0891709 ], [ 22.6303428, -19.0889225 ], [ 22.6304466, -19.0888262 ], [ 22.6305592, -19.0887349 ], [ 22.6307202, -19.0886285 ], [ 22.6308596, -19.0885829 ], [ 22.6311421, -19.0885524 ], [ 22.6313317, -19.0885524 ], [ 22.6316302, -19.0884916 ], [ 22.6318091, -19.0884156 ], [ 22.6319961, -19.0882179 ], [ 22.6320452, -19.0880049 ], [ 22.6320218, -19.0877312 ], [ 22.6320218, -19.0875183 ], [ 22.6320272, -19.0873915 ], [ 22.6320701, -19.0872699 ], [ 22.6322149, -19.0872242 ], [ 22.6323617, -19.0872851 ], [ 22.6325119, -19.0874321 ], [ 22.6326192, -19.0875031 ], [ 22.6327246, -19.0875284 ], [ 22.6328319, -19.0875031 ], [ 22.6330912, -19.0874118 ], [ 22.6332878, -19.0871431 ], [ 22.6335292, -19.0869657 ], [ 22.6337277, -19.0868694 ], [ 22.6339442, -19.0868643 ], [ 22.6340764, -19.0868744 ], [ 22.6343304, -19.0869758 ], [ 22.6345128, -19.0871229 ], [ 22.6346021, -19.0872445 ], [ 22.6346362, -19.0873713 ], [ 22.6346254, -19.0875335 ], [ 22.6345182, -19.0877616 ], [ 22.6343465, -19.08801 ], [ 22.6343197, -19.0883243 ], [ 22.6344055, -19.0886386 ], [ 22.6345772, -19.0891557 ], [ 22.6346308, -19.0895663 ], [ 22.6346523, -19.090053 ], [ 22.634604, -19.0903166 ], [ 22.6344323, -19.0908945 ], [ 22.6344001, -19.091148 ], [ 22.6344538, -19.0915282 ], [ 22.6345235, -19.0917867 ], [ 22.6346523, -19.0919946 ], [ 22.6348186, -19.0921314 ], [ 22.6350331, -19.092243 ], [ 22.6352853, -19.0922937 ], [ 22.6355463, -19.0922937 ], [ 22.6358324, -19.0921619 ], [ 22.6360256, -19.0920655 ], [ 22.6362383, -19.092025 ], [ 22.6364314, -19.0920909 ], [ 22.6365352, -19.092243 ], [ 22.6364494, -19.0924103 ], [ 22.6360524, -19.092613 ], [ 22.6357252, -19.0927904 ], [ 22.635575, -19.0929679 ], [ 22.6355481, -19.0931808 ], [ 22.6355964, -19.0934647 ], [ 22.6356911, -19.0936066 ], [ 22.6358593, -19.0937587 ], [ 22.6361471, -19.0938702 ], [ 22.6364172, -19.0939006 ], [ 22.6366747, -19.0938956 ], [ 22.6368839, -19.0938043 ], [ 22.6371145, -19.0935407 ], [ 22.6372218, -19.0932619 ], [ 22.6373398, -19.0930946 ], [ 22.6375437, -19.0929729 ], [ 22.6377242, -19.0928868 ], [ 22.6378851, -19.0928614 ], [ 22.638225, -19.0928513 ], [ 22.6384108, -19.092907 ], [ 22.6385664, -19.0930541 ], [ 22.6386112, -19.0933025 ], [ 22.6385307, -19.0935458 ], [ 22.6384825, -19.093708 ], [ 22.6384771, -19.0939158 ], [ 22.6385844, -19.0941592 ], [ 22.6388097, -19.0943163 ], [ 22.6391959, -19.0944988 ], [ 22.6394963, -19.0946306 ], [ 22.6397324, -19.0947016 ], [ 22.6400006, -19.0948232 ], [ 22.6402205, -19.095097 ], [ 22.6402366, -19.0953352 ], [ 22.640242, -19.0956749 ], [ 22.6403815, -19.0960145 ], [ 22.6405263, -19.0962376 ], [ 22.6407623, -19.0963846 ], [ 22.6409769, -19.0964403 ], [ 22.641229, -19.0964454 ], [ 22.6416314, -19.096415 ], [ 22.6418977, -19.0964099 ], [ 22.6421517, -19.0964251 ], [ 22.6424663, -19.0965316 ], [ 22.642697, -19.0966634 ], [ 22.642892, -19.0968154 ], [ 22.6430476, -19.0970283 ], [ 22.6433265, -19.0975302 ], [ 22.6434767, -19.0976569 ], [ 22.643702, -19.0978293 ], [ 22.6438415, -19.09788 ], [ 22.6440078, -19.0979256 ], [ 22.6441956, -19.0979205 ], [ 22.6444906, -19.0978749 ], [ 22.6450037, -19.0975961 ], [ 22.6456601, -19.0969523 ], [ 22.6459103, -19.0967293 ], [ 22.6461214, -19.0966279 ], [ 22.646259, -19.096638 ], [ 22.646395, -19.096709 ], [ 22.646395, -19.0968053 ], [ 22.6463574, -19.0970233 ], [ 22.6461911, -19.0972463 ], [ 22.6459712, -19.0974643 ], [ 22.6458746, -19.097586 ], [ 22.645821, -19.097738 ], [ 22.6458371, -19.097885 ], [ 22.6458854, -19.0980574 ], [ 22.6459927, -19.0981486 ], [ 22.6462536, -19.0981588 ], [ 22.6464736, -19.0981486 ], [ 22.6467383, -19.0980675 ], [ 22.646969, -19.0978698 ], [ 22.6470905, -19.0974339 ], [ 22.6472192, -19.0970638 ], [ 22.6476073, -19.0966836 ], [ 22.6477825, -19.09642 ], [ 22.6478219, -19.096268 ], [ 22.6478361, -19.0960753 ], [ 22.6477825, -19.0958472 ], [ 22.6476503, -19.0957104 ], [ 22.6471889, -19.0956039 ], [ 22.6469207, -19.0954518 ], [ 22.6468027, -19.0952693 ], [ 22.6467383, -19.0950564 ], [ 22.6467364, -19.09495 ], [ 22.6469135, -19.0948182 ], [ 22.647146, -19.0947776 ], [ 22.6475035, -19.0946864 ], [ 22.6477396, -19.0945039 ], [ 22.6479005, -19.0942605 ], [ 22.6479989, -19.0937688 ], [ 22.6481365, -19.0935103 ], [ 22.6482564, -19.0934089 ], [ 22.6484316, -19.0934089 ], [ 22.6486212, -19.0935356 ], [ 22.6488143, -19.0938043 ], [ 22.6489734, -19.0940527 ], [ 22.6491343, -19.0941135 ], [ 22.6495224, -19.0940679 ], [ 22.6496976, -19.093931 ], [ 22.6496887, -19.0935863 ], [ 22.6495957, -19.0932213 ], [ 22.6496834, -19.092978 ], [ 22.6497727, -19.0928158 ], [ 22.6499891, -19.0926941 ], [ 22.6501984, -19.0926891 ], [ 22.6504164, -19.0926992 ], [ 22.6506275, -19.0927093 ], [ 22.6508367, -19.092608 ], [ 22.6510548, -19.092248 ], [ 22.6511103, -19.0919337 ], [ 22.6510441, -19.0915434 ], [ 22.6510674, -19.0912849 ], [ 22.6513176, -19.0909655 ], [ 22.6517361, -19.0907069 ], [ 22.6519667, -19.0905751 ], [ 22.6521725, -19.0905295 ], [ 22.652387, -19.0905397 ], [ 22.6529162, -19.0906563 ], [ 22.6531702, -19.0906309 ], [ 22.6533937, -19.0906309 ], [ 22.6536745, -19.0907171 ], [ 22.6539534, -19.0908387 ], [ 22.6542324, -19.09093 ], [ 22.6546436, -19.0909655 ], [ 22.6548152, -19.0908996 ], [ 22.6549941, -19.0907272 ], [ 22.6550102, -19.090489 ], [ 22.654919, -19.0901949 ], [ 22.6548225, -19.0899313 ], [ 22.6548206, -19.0897792 ], [ 22.6548903, -19.0896069 ], [ 22.6550835, -19.0894599 ], [ 22.6562475, -19.0890645 ], [ 22.6567089, -19.0889377 ], [ 22.6569629, -19.0889377 ], [ 22.6572507, -19.0890239 ], [ 22.6578587, -19.0891963 ], [ 22.6584703, -19.0891405 ], [ 22.6590478, -19.0889681 ], [ 22.6593715, -19.0886792 ], [ 22.6596057, -19.0883547 ], [ 22.6597792, -19.0882128 ], [ 22.6600616, -19.0881672 ], [ 22.66038, -19.0881672 ], [ 22.6606517, -19.0882381 ], [ 22.6612061, -19.0883801 ], [ 22.6615924, -19.0886488 ], [ 22.661984, -19.089176 ], [ 22.6620859, -19.0892977 ], [ 22.66222, -19.0894295 ], [ 22.6624078, -19.0895308 ], [ 22.6625955, -19.089617 ], [ 22.6629477, -19.0896525 ], [ 22.6635665, -19.0896272 ], [ 22.6643282, -19.0895461 ], [ 22.6645999, -19.0894497 ], [ 22.6647984, -19.0893281 ], [ 22.6649612, -19.0890695 ], [ 22.6651578, -19.0886336 ], [ 22.6654261, -19.0882077 ], [ 22.665723, -19.0879745 ], [ 22.6660698, -19.0878022 ], [ 22.6665687, -19.0876602 ], [ 22.6672017, -19.0874524 ], [ 22.6674967, -19.0873763 ], [ 22.6677078, -19.0873763 ], [ 22.6679492, -19.0874574 ], [ 22.6681745, -19.0876095 ], [ 22.6683676, -19.0877413 ], [ 22.6685769, -19.0878579 ], [ 22.6688129, -19.0879137 ], [ 22.6690578, -19.0878883 ], [ 22.6692474, -19.0878833 ], [ 22.6694065, -19.0878833 ], [ 22.6696175, -19.0879492 ], [ 22.6697999, -19.0880252 ], [ 22.6700735, -19.0881215 ], [ 22.6702916, -19.0881165 ], [ 22.6705008, -19.0880354 ], [ 22.6708245, -19.0878174 ], [ 22.6709139, -19.0875588 ], [ 22.6709353, -19.0872293 ], [ 22.6710158, -19.0868897 ], [ 22.6710874, -19.0867426 ], [ 22.6712357, -19.0865956 ], [ 22.6714361, -19.0865196 ], [ 22.6715898, -19.0865399 ], [ 22.6717633, -19.086621 ], [ 22.6718902, -19.0867376 ], [ 22.6720101, -19.0868947 ], [ 22.6721925, -19.0870671 ], [ 22.672348, -19.0871786 ], [ 22.672627, -19.0872952 ], [ 22.6728684, -19.0874473 ], [ 22.6730508, -19.0876754 ], [ 22.6731205, -19.087863 ], [ 22.6731902, -19.0882838 ], [ 22.6732707, -19.0884409 ], [ 22.6734156, -19.0885677 ], [ 22.6737267, -19.0887552 ], [ 22.6740378, -19.0890898 ], [ 22.6742953, -19.0893382 ], [ 22.6746386, -19.0896576 ], [ 22.6749498, -19.0898097 ], [ 22.6752912, -19.0898604 ], [ 22.6756311, -19.089835 ], [ 22.675851, -19.0897133 ], [ 22.6760154, -19.0894903 ], [ 22.6761173, -19.0892824 ], [ 22.6762104, -19.089034 ], [ 22.676307, -19.0889022 ], [ 22.6765197, -19.0888313 ], [ 22.6769829, -19.0890239 ], [ 22.6772082, -19.0890645 ], [ 22.6777052, -19.0890746 ], [ 22.6783436, -19.088958 ], [ 22.6786566, -19.0888313 ], [ 22.6787888, -19.088669 ], [ 22.6788873, -19.0884004 ], [ 22.6788317, -19.088152 ], [ 22.6788049, -19.0879847 ], [ 22.6788283, -19.0878326 ], [ 22.6789659, -19.0877565 ], [ 22.6791501, -19.0877768 ], [ 22.6793164, -19.0879897 ], [ 22.6795954, -19.0886842 ], [ 22.6800889, -19.0901442 ], [ 22.6801908, -19.0907222 ], [ 22.6801962, -19.0909858 ], [ 22.6801908, -19.0913001 ], [ 22.6802176, -19.0915333 ], [ 22.6802874, -19.0917259 ], [ 22.680366, -19.0918526 ], [ 22.6805234, -19.0919135 ], [ 22.6807112, -19.0919135 ], [ 22.6808541, -19.0918526 ], [ 22.6809775, -19.0916853 ], [ 22.6810599, -19.0914369 ], [ 22.6811438, -19.0913355 ], [ 22.6812959, -19.0912494 ], [ 22.6814836, -19.0912139 ], [ 22.6816499, -19.091224 ], [ 22.681725, -19.0913254 ], [ 22.6818197, -19.0914674 ], [ 22.6818967, -19.0916955 ], [ 22.6819879, -19.091807 ], [ 22.6822829, -19.0918881 ], [ 22.682519, -19.0918982 ], [ 22.683016, -19.0917259 ], [ 22.6832359, -19.0916701 ], [ 22.6834631, -19.0917056 ], [ 22.6837528, -19.0918932 ], [ 22.6841819, -19.0922784 ], [ 22.6846862, -19.0927195 ], [ 22.6848471, -19.0929121 ], [ 22.6849759, -19.0931504 ], [ 22.6850563, -19.0933988 ], [ 22.6850993, -19.0938499 ], [ 22.6851636, -19.0939158 ], [ 22.6855016, -19.0938499 ], [ 22.6858591, -19.0937435 ], [ 22.6861185, -19.0937587 ], [ 22.6863063, -19.0939006 ], [ 22.6864886, -19.0942352 ], [ 22.6867121, -19.0947066 ], [ 22.6867944, -19.0948993 ], [ 22.6869661, -19.0950412 ], [ 22.6872646, -19.0951578 ], [ 22.6876366, -19.0952997 ], [ 22.6878566, -19.0954011 ], [ 22.6880443, -19.0955279 ], [ 22.6882678, -19.0957256 ], [ 22.6884681, -19.0959892 ], [ 22.6887023, -19.0963389 ], [ 22.688849, -19.0964859 ], [ 22.6889831, -19.0965366 ], [ 22.6897556, -19.0966684 ], [ 22.6899004, -19.0966836 ], [ 22.6901633, -19.0968306 ], [ 22.6903135, -19.0970892 ], [ 22.6904208, -19.0973781 ], [ 22.6906656, -19.0976164 ], [ 22.6908553, -19.0977634 ], [ 22.6912898, -19.0980168 ], [ 22.691558, -19.0982145 ], [ 22.6917404, -19.0982652 ], [ 22.6920676, -19.0983514 ], [ 22.6923412, -19.0983007 ], [ 22.6926792, -19.0981588 ], [ 22.6930099, -19.0978039 ], [ 22.6932459, -19.0976873 ], [ 22.6936287, -19.0975555 ], [ 22.6938433, -19.0973072 ], [ 22.6939004, -19.0971247 ], [ 22.6937091, -19.0970385 ], [ 22.69328, -19.0968712 ], [ 22.6930493, -19.0966887 ], [ 22.692942, -19.096491 ], [ 22.6929348, -19.0962376 ], [ 22.6930708, -19.0960094 ], [ 22.693262, -19.0958928 ], [ 22.6934873, -19.0958827 ], [ 22.6938575, -19.0958928 ], [ 22.6941544, -19.0959334 ], [ 22.6945621, -19.0959537 ], [ 22.6947855, -19.0959334 ], [ 22.6950001, -19.095903 ], [ 22.6951307, -19.0957915 ], [ 22.6951718, -19.095609 ], [ 22.6949644, -19.0953859 ], [ 22.694782, -19.0952085 ], [ 22.6946265, -19.0949652 ], [ 22.6946407, -19.09459 ], [ 22.6946479, -19.0941642 ], [ 22.6945675, -19.0936674 ], [ 22.6945817, -19.0933126 ], [ 22.6947498, -19.0930591 ], [ 22.695043, -19.09276 ], [ 22.6953649, -19.0924863 ], [ 22.6954687, -19.0922734 ], [ 22.695415, -19.0919946 ], [ 22.6953024, -19.0917563 ], [ 22.6953005, -19.0915839 ], [ 22.6954258, -19.0913102 ], [ 22.6959711, -19.0907019 ], [ 22.6961588, -19.0905244 ], [ 22.6964324, -19.0904484 ], [ 22.6966328, -19.090489 ], [ 22.6968508, -19.0905194 ], [ 22.697078, -19.0905397 ], [ 22.6973765, -19.0904535 ], [ 22.6976574, -19.0902406 ], [ 22.6978558, -19.0899516 ], [ 22.6980793, -19.0896779 ], [ 22.6984352, -19.089541 ], [ 22.6986712, -19.0895308 ], [ 22.6990307, -19.0895308 ], [ 22.6992541, -19.0895359 ], [ 22.6995652, -19.089617 ], [ 22.6998407, -19.0897336 ], [ 22.6999426, -19.0898806 ], [ 22.6999211, -19.0900935 ], [ 22.6998299, -19.0903622 ], [ 22.6996797, -19.0907678 ], [ 22.6996315, -19.0910212 ], [ 22.6995993, -19.0913254 ], [ 22.6996315, -19.0915434 ], [ 22.699728, -19.0916701 ], [ 22.6998943, -19.0917563 ], [ 22.7000231, -19.0917664 ], [ 22.7001518, -19.0917563 ], [ 22.7003967, -19.0915839 ], [ 22.7005737, -19.091366 ], [ 22.7007634, -19.0912747 ], [ 22.7009672, -19.0912392 ], [ 22.701155, -19.0913051 ], [ 22.7011925, -19.0914623 ], [ 22.7011174, -19.0917208 ], [ 22.7009404, -19.0920858 ], [ 22.700994, -19.0924559 ], [ 22.7010799, -19.0926536 ], [ 22.7011871, -19.0928665 ], [ 22.7012247, -19.0929882 ], [ 22.7012622, -19.0932011 ], [ 22.701273, -19.0934292 ], [ 22.7012408, -19.0938398 ], [ 22.7012408, -19.0940781 ], [ 22.7012926, -19.09422 ], [ 22.701373, -19.0943264 ], [ 22.7015358, -19.0944025 ], [ 22.701788, -19.0943619 ], [ 22.7019864, -19.094291 ], [ 22.7021957, -19.0943112 ], [ 22.7024459, -19.0943721 ], [ 22.7027106, -19.0946103 ], [ 22.7030218, -19.0948283 ], [ 22.7033061, -19.0949855 ], [ 22.7035402, -19.0950361 ], [ 22.7039391, -19.0950767 ], [ 22.7043556, -19.0952541 ], [ 22.7047545, -19.0955228 ], [ 22.7052534, -19.0959486 ], [ 22.7055752, -19.0962426 ], [ 22.7058381, -19.0963947 ], [ 22.7060312, -19.0964809 ], [ 22.7063316, -19.0965518 ], [ 22.7068716, -19.0966025 ], [ 22.7073187, -19.0966076 ], [ 22.7075708, -19.0966279 ], [ 22.7077371, -19.096709 ], [ 22.7078819, -19.0968813 ], [ 22.7079034, -19.0971297 ], [ 22.7076352, -19.0980067 ], [ 22.7076513, -19.0983514 ], [ 22.7077425, -19.098909 ], [ 22.7079195, -19.0993804 ], [ 22.7080321, -19.0995781 ], [ 22.7082306, -19.099786 ], [ 22.7086115, -19.1000191 ], [ 22.7090388, -19.1002726 ], [ 22.7093016, -19.1003689 ], [ 22.7095074, -19.1004044 ], [ 22.7097737, -19.1004145 ], [ 22.7100419, -19.1003284 ], [ 22.710194, -19.1001915 ], [ 22.7102584, -19.099938 ], [ 22.7102941, -19.0996694 ], [ 22.7103496, -19.0994615 ], [ 22.7104282, -19.0992689 ], [ 22.7106159, -19.0991574 ], [ 22.710827, -19.0991473 ], [ 22.7110899, -19.0992132 ], [ 22.7123325, -19.0997251 ], [ 22.713005, -19.0999228 ], [ 22.7133089, -19.0999127 ], [ 22.7137452, -19.0996643 ], [ 22.7139598, -19.0994413 ], [ 22.7141208, -19.099132 ], [ 22.71411, -19.0988938 ], [ 22.7139813, -19.0985694 ], [ 22.7139169, -19.0983159 ], [ 22.7139491, -19.0981791 ], [ 22.7140974, -19.0980827 ], [ 22.7143139, -19.0980726 ], [ 22.7145016, -19.0981588 ], [ 22.7147323, -19.0984274 ], [ 22.7148986, -19.098762 ], [ 22.7151078, -19.0990712 ], [ 22.7153599, -19.0992385 ], [ 22.7156818, -19.0994311 ], [ 22.716009, -19.0995477 ], [ 22.7163237, -19.0996238 ], [ 22.7166133, -19.0996238 ], [ 22.7170479, -19.0995021 ], [ 22.7183157, -19.0988279 ], [ 22.7184372, -19.0986556 ], [ 22.7184445, -19.0984731 ], [ 22.7184069, -19.0981537 ], [ 22.7184909, -19.0979408 ], [ 22.7190668, -19.097444 ], [ 22.7195388, -19.0970436 ], [ 22.7207815, -19.0953859 ], [ 22.7215808, -19.0943923 ], [ 22.7218812, -19.09422 ], [ 22.722187, -19.0940628 ], [ 22.7225303, -19.0939868 ], [ 22.7228682, -19.0939158 ], [ 22.723233, -19.0937688 ], [ 22.7235549, -19.0933988 ], [ 22.7237212, -19.0930895 ], [ 22.723968, -19.092613 ], [ 22.7241737, -19.0924001 ], [ 22.7244347, -19.092172 ], [ 22.7246136, -19.0919439 ], [ 22.7247994, -19.0915282 ], [ 22.7248067, -19.0912494 ], [ 22.7248925, -19.0910466 ], [ 22.7250784, -19.0908489 ], [ 22.7254129, -19.0907171 ], [ 22.7256309, -19.0905346 ], [ 22.7258152, -19.0902203 ], [ 22.7260244, -19.0899617 ], [ 22.7264034, -19.0897894 ], [ 22.7269613, -19.089759 ], [ 22.7273529, -19.089764 ], [ 22.7277821, -19.0897945 ], [ 22.7280342, -19.0898502 ], [ 22.7286047, -19.0897488 ], [ 22.7291178, -19.0896626 ], [ 22.7295166, -19.089688 ], [ 22.7298439, -19.0898046 ], [ 22.7301102, -19.0898198 ], [ 22.7303677, -19.0897387 ], [ 22.7306646, -19.0896829 ], [ 22.7309524, -19.0896525 ], [ 22.7312118, -19.0896677 ], [ 22.7314156, -19.0897792 ], [ 22.7315479, -19.0899465 ], [ 22.7316034, -19.0903217 ], [ 22.7316302, -19.0905853 ], [ 22.731657, -19.0908134 ], [ 22.7317912, -19.0910871 ], [ 22.731918, -19.0912037 ], [ 22.7320755, -19.0912494 ], [ 22.732231, -19.0912798 ], [ 22.7325725, -19.0912139 ], [ 22.733894, -19.0908692 ], [ 22.7343964, -19.0906258 ], [ 22.7348381, -19.090418 ], [ 22.7351098, -19.0903521 ], [ 22.7353083, -19.0903521 ], [ 22.7356106, -19.0904231 ], [ 22.7359969, -19.0906056 ], [ 22.7362114, -19.0908641 ], [ 22.7364153, -19.0910415 ], [ 22.7365494, -19.0910922 ], [ 22.7367801, -19.0911074 ], [ 22.7369839, -19.0910365 ], [ 22.7371556, -19.0908641 ], [ 22.737202, -19.090636 ], [ 22.7372127, -19.0904028 ], [ 22.7372181, -19.090129 ], [ 22.7372629, -19.0898502 ], [ 22.7374131, -19.0895207 ], [ 22.7375686, -19.0892824 ], [ 22.7377617, -19.0891152 ], [ 22.7380066, -19.0890239 ], [ 22.7382553, -19.0889833 ], [ 22.7386933, -19.0889681 ], [ 22.7390205, -19.0889124 ], [ 22.7393638, -19.0887704 ], [ 22.7395999, -19.0884967 ], [ 22.7396983, -19.0880607 ], [ 22.7398091, -19.0877464 ], [ 22.7400094, -19.0875081 ], [ 22.7402168, -19.087356 ], [ 22.7406459, -19.0872648 ], [ 22.7408624, -19.0872648 ], [ 22.7412628, -19.0871634 ], [ 22.7416027, -19.087133 ], [ 22.7421158, -19.087209 ], [ 22.7423215, -19.0872344 ], [ 22.7426737, -19.0871837 ], [ 22.7427936, -19.0870975 ], [ 22.742899, -19.0868643 ], [ 22.7428829, -19.0867173 ], [ 22.7427917, -19.086479 ], [ 22.742638, -19.0863117 ], [ 22.7423751, -19.0861799 ], [ 22.7422249, -19.0860481 ], [ 22.7421748, -19.0858403 ], [ 22.7422123, -19.085678 ], [ 22.7423947, -19.0855361 ], [ 22.7425986, -19.0854448 ], [ 22.742917, -19.085455 ], [ 22.7434266, -19.0855716 ], [ 22.7435803, -19.0855868 ], [ 22.7437967, -19.0854955 ], [ 22.7440006, -19.0853384 ], [ 22.7442508, -19.0850798 ], [ 22.7443922, -19.0849936 ], [ 22.744578, -19.0850545 ], [ 22.7446872, -19.0851559 ], [ 22.7446765, -19.0854347 ], [ 22.744714, -19.0857389 ], [ 22.7447409, -19.0862103 ], [ 22.7448213, -19.0864334 ], [ 22.744934, -19.0865551 ], [ 22.7451003, -19.0866666 ], [ 22.7453256, -19.0867122 ], [ 22.7454865, -19.0866666 ], [ 22.7456402, -19.0865855 ], [ 22.7457529, -19.0864486 ], [ 22.7457708, -19.0861698 ], [ 22.7457904, -19.0859417 ], [ 22.7458226, -19.0856932 ], [ 22.7459728, -19.0855412 ], [ 22.7462196, -19.0855361 ], [ 22.746436, -19.0856983 ], [ 22.7465433, -19.085967 ], [ 22.7465058, -19.0866311 ], [ 22.7465111, -19.0869809 ], [ 22.7465487, -19.0872344 ], [ 22.7466273, -19.0874321 ], [ 22.7467257, -19.0875791 ], [ 22.746833, -19.0876754 ], [ 22.7469778, -19.0877819 ], [ 22.7471227, -19.0878985 ], [ 22.7471709, -19.0880607 ], [ 22.7471173, -19.0883395 ], [ 22.7470637, -19.0885068 ], [ 22.7470744, -19.0886336 ], [ 22.7471388, -19.0887755 ], [ 22.7472246, -19.0888414 ], [ 22.7473855, -19.0888972 ], [ 22.7476358, -19.0889631 ], [ 22.7478254, -19.0889833 ], [ 22.7480166, -19.0890543 ], [ 22.7482546, -19.0891709 ], [ 22.7484959, -19.0893534 ], [ 22.7487213, -19.0895663 ], [ 22.7488661, -19.0896829 ], [ 22.7490056, -19.0897286 ], [ 22.749145, -19.0897691 ], [ 22.7493918, -19.0897336 ], [ 22.7495152, -19.0895967 ], [ 22.7495259, -19.0894142 ], [ 22.7495581, -19.0891202 ], [ 22.7495957, -19.0888617 ], [ 22.7496922, -19.0887045 ], [ 22.7498102, -19.0886589 ], [ 22.7500087, -19.0887197 ], [ 22.7501696, -19.0888008 ], [ 22.7504038, -19.0890492 ], [ 22.7505505, -19.0892977 ], [ 22.7507222, -19.0892977 ], [ 22.7509295, -19.0889327 ], [ 22.7511782, -19.0885829 ], [ 22.7514035, -19.0884764 ], [ 22.7515698, -19.0884409 ], [ 22.7516395, -19.0884916 ], [ 22.75172, -19.0887248 ], [ 22.7517468, -19.0889479 ], [ 22.7517951, -19.0892165 ], [ 22.7519166, -19.0894852 ], [ 22.7521169, -19.0897894 ], [ 22.7522403, -19.0900885 ], [ 22.7523798, -19.090271 ], [ 22.7525013, -19.0903166 ], [ 22.7526944, -19.090276 ], [ 22.7529431, -19.0901189 ], [ 22.7533703, -19.089764 ], [ 22.7536565, -19.0897032 ], [ 22.7540374, -19.0896626 ], [ 22.7542251, -19.0895613 ], [ 22.7543627, -19.0893483 ], [ 22.7543485, -19.0891506 ], [ 22.7541554, -19.0889022 ], [ 22.753998, -19.0886488 ], [ 22.7539926, -19.0884967 ], [ 22.7540213, -19.088299 ], [ 22.7542091, -19.0881418 ], [ 22.7544915, -19.0880201 ], [ 22.754631, -19.0878275 ], [ 22.7545953, -19.0874929 ], [ 22.7545934, -19.087204 ], [ 22.7547222, -19.0869606 ], [ 22.7548455, -19.0867883 ], [ 22.7550011, -19.086768 ], [ 22.7552229, -19.0866919 ], [ 22.7554107, -19.0866007 ], [ 22.7556878, -19.0863168 ], [ 22.7559149, -19.0860228 ], [ 22.7560651, -19.0858808 ], [ 22.7562314, -19.0858403 ], [ 22.7564567, -19.085896 ], [ 22.7566606, -19.086038 ], [ 22.7569449, -19.0862661 ], [ 22.7572829, -19.0864385 ], [ 22.7575618, -19.086474 ], [ 22.7577799, -19.0864587 ], [ 22.7580071, -19.0863421 ], [ 22.7581447, -19.0860836 ], [ 22.7582251, -19.0855766 ], [ 22.7582359, -19.0851609 ], [ 22.7582592, -19.084877 ], [ 22.7583217, -19.0846996 ], [ 22.7584899, -19.0845779 ], [ 22.7587474, -19.084583 ], [ 22.7589332, -19.0846388 ], [ 22.759062, -19.0846641 ], [ 22.7593195, -19.0846134 ], [ 22.7595359, -19.0844411 ], [ 22.7597486, -19.0842281 ], [ 22.7600437, -19.084147 ], [ 22.7602636, -19.0841369 ], [ 22.7605015, -19.0841927 ], [ 22.760623, -19.0843194 ], [ 22.7607697, -19.084436 ], [ 22.7608537, -19.0845425 ], [ 22.7610414, -19.0845982 ], [ 22.7612185, -19.0845475 ], [ 22.7614296, -19.0844461 ], [ 22.7616744, -19.0841318 ], [ 22.7618354, -19.083711 ], [ 22.761966, -19.083199 ], [ 22.7619714, -19.0827732 ], [ 22.7618802, -19.0824436 ], [ 22.7617622, -19.0821699 ], [ 22.7614993, -19.0818606 ], [ 22.7612686, -19.0816021 ], [ 22.7612024, -19.0814044 ], [ 22.7612238, -19.0811559 ], [ 22.7615047, -19.0809278 ], [ 22.7619714, -19.0806895 ], [ 22.7622914, -19.0806236 ], [ 22.7625454, -19.080654 ], [ 22.7628297, -19.0809025 ], [ 22.7631067, -19.0812827 ], [ 22.7632427, -19.0813638 ], [ 22.7634144, -19.0814145 ], [ 22.7636236, -19.0813993 ], [ 22.7638417, -19.0812979 ], [ 22.7640635, -19.0811661 ], [ 22.7643317, -19.0811002 ], [ 22.7645498, -19.0811002 ], [ 22.7647501, -19.0811458 ], [ 22.7649433, -19.0812878 ], [ 22.7650398, -19.0814145 ], [ 22.7651578, -19.0815362 ], [ 22.7653456, -19.0816629 ], [ 22.765805, -19.0818404 ], [ 22.7660215, -19.0818556 ], [ 22.766574, -19.0817694 ], [ 22.7669388, -19.0816477 ], [ 22.7672481, -19.0815514 ], [ 22.7675665, -19.0815412 ], [ 22.7678489, -19.0815818 ], [ 22.7680975, -19.0816781 ], [ 22.7684819, -19.0818404 ], [ 22.7690398, -19.0819215 ], [ 22.7694172, -19.0818404 ], [ 22.7701414, -19.0815717 ], [ 22.7705633, -19.0813486 ], [ 22.7708173, -19.0812421 ], [ 22.7710533, -19.0812472 ], [ 22.7712982, -19.0812776 ], [ 22.7715396, -19.0814297 ], [ 22.7717292, -19.0816173 ], [ 22.7719116, -19.0817035 ], [ 22.7721906, -19.0818099 ], [ 22.7723926, -19.0817846 ], [ 22.7726305, -19.0817035 ], [ 22.7727914, -19.0815717 ], [ 22.7729309, -19.0814753 ], [ 22.7730577, -19.0814348 ], [ 22.773242, -19.0813942 ], [ 22.7735244, -19.0814297 ], [ 22.7737785, -19.0816426 ], [ 22.7738911, -19.0818657 ], [ 22.7740145, -19.0821952 ], [ 22.774095, -19.0823169 ], [ 22.7741969, -19.0824082 ], [ 22.7743739, -19.0824639 ], [ 22.7745402, -19.082469 ], [ 22.7748299, -19.0823929 ], [ 22.7751177, -19.0822003 ], [ 22.7753376, -19.0820989 ], [ 22.7754664, -19.0820583 ], [ 22.7756721, -19.0821192 ], [ 22.7758759, -19.082251 ], [ 22.7759886, -19.0825197 ], [ 22.776171, -19.0831838 ], [ 22.7762675, -19.0835742 ], [ 22.7763783, -19.0838226 ], [ 22.7765143, -19.0839747 ], [ 22.7766251, -19.0840558 ], [ 22.7767557, -19.0840659 ], [ 22.7769488, -19.084071 ], [ 22.7771688, -19.0839848 ], [ 22.7773922, -19.0836756 ], [ 22.777596, -19.0834322 ], [ 22.7777623, -19.0833308 ], [ 22.7780536, -19.0833105 ], [ 22.7783202, -19.0833917 ], [ 22.7787778, -19.0835387 ], [ 22.7790782, -19.0836958 ], [ 22.7795809, -19.0839392 ], [ 22.7798614, -19.0840102 ], [ 22.7802514, -19.0840304 ], [ 22.78168, -19.083782 ], [ 22.7819536, -19.083777 ], [ 22.7821612, -19.0838631 ], [ 22.7823237, -19.0840659 ], [ 22.7824685, -19.0843194 ], [ 22.7826134, -19.084512 ], [ 22.782785, -19.0846286 ], [ 22.7830517, -19.0846489 ], [ 22.7833215, -19.0845932 ], [ 22.7839851, -19.0842788 ], [ 22.7846878, -19.0841724 ], [ 22.7852028, -19.0841115 ], [ 22.7856979, -19.0839949 ], [ 22.7861308, -19.0839341 ], [ 22.786583, -19.0839392 ], [ 22.787075, -19.0840254 ], [ 22.7874451, -19.0840304 ], [ 22.787885, -19.0839037 ], [ 22.7882407, -19.0837719 ], [ 22.7885395, -19.0836958 ], [ 22.7888238, -19.0837009 ], [ 22.7895764, -19.0838682 ], [ 22.7898714, -19.0839037 ], [ 22.7902577, -19.0838682 ], [ 22.7906584, -19.0837009 ], [ 22.7911053, -19.0835488 ], [ 22.7919566, -19.0832599 ], [ 22.7924249, -19.0829709 ], [ 22.7928095, -19.0826464 ], [ 22.7930472, -19.0824487 ], [ 22.7932939, -19.0823676 ], [ 22.793589, -19.082327 ], [ 22.793825, -19.0823929 ], [ 22.7943346, -19.0826667 ], [ 22.7945707, -19.0828441 ], [ 22.795032, -19.0832142 ], [ 22.7953431, -19.0834373 ], [ 22.7956275, -19.0835894 ], [ 22.7957938, -19.0837719 ], [ 22.795944, -19.0840558 ], [ 22.796062, -19.0844766 ], [ 22.7961478, -19.0845526 ], [ 22.7963195, -19.0845475 ], [ 22.7966183, -19.0845019 ], [ 22.7967953, -19.0844867 ], [ 22.7970367, -19.0845323 ], [ 22.7974245, -19.0847098 ], [ 22.7979288, -19.0850545 ], [ 22.7982061, -19.0854702 ], [ 22.7982882, -19.0858504 ], [ 22.7983687, -19.0861596 ], [ 22.7984491, -19.0863624 ], [ 22.798535, -19.086479 ], [ 22.798653, -19.0865399 ], [ 22.7988407, -19.0865804 ], [ 22.7989695, -19.0865703 ], [ 22.7991304, -19.0865196 ], [ 22.7992484, -19.0863523 ], [ 22.7994721, -19.0855412 ], [ 22.7996223, -19.0850646 ], [ 22.7996132, -19.0847047 ], [ 22.799617, -19.0843904 ], [ 22.7996239, -19.0842281 ], [ 22.7996974, -19.0840304 ], [ 22.7999405, -19.0838986 ], [ 22.8000676, -19.0838733 ], [ 22.8002516, -19.0838986 ], [ 22.8005144, -19.0840355 ], [ 22.8005949, -19.0842383 ], [ 22.8006754, -19.0845678 ], [ 22.8006968, -19.0847807 ], [ 22.8007397, -19.0850646 ], [ 22.8008739, -19.0853232 ], [ 22.801008, -19.0854296 ], [ 22.8011314, -19.085455 ], [ 22.8012976, -19.08546 ], [ 22.8014784, -19.0853891 ], [ 22.8016624, -19.0852319 ], [ 22.8017735, -19.0848973 ], [ 22.8018593, -19.0845932 ], [ 22.8019827, -19.0844208 ], [ 22.8022579, -19.0842332 ], [ 22.8024601, -19.0841572 ], [ 22.8026962, -19.0841115 ], [ 22.8029445, -19.0841318 ], [ 22.8031967, -19.0841318 ], [ 22.8034418, -19.0841318 ], [ 22.8037385, -19.0841115 ], [ 22.8039906, -19.0839949 ], [ 22.8043339, -19.0837719 ], [ 22.8047577, -19.0835336 ], [ 22.8050082, -19.0834728 ], [ 22.8055409, -19.0834931 ], [ 22.8060344, -19.0836299 ], [ 22.8062367, -19.083635 ], [ 22.8064421, -19.0836046 ], [ 22.8067999, -19.0834576 ], [ 22.8069394, -19.0832396 ], [ 22.8069571, -19.0829607 ], [ 22.8068927, -19.0827022 ], [ 22.806816, -19.0824183 ], [ 22.8067892, -19.0821902 ], [ 22.8068643, -19.0819975 ], [ 22.807059, -19.0818809 ], [ 22.8072023, -19.0819519 ], [ 22.8074721, -19.0821547 ], [ 22.8077671, -19.0824132 ], [ 22.8079533, -19.0827884 ], [ 22.8080622, -19.0830266 ], [ 22.8081748, -19.0831889 ], [ 22.8083234, -19.0832903 ], [ 22.8084967, -19.0834018 ], [ 22.8086415, -19.0834424 ], [ 22.8087596, -19.0834018 ], [ 22.8088223, -19.08327 ], [ 22.8088223, -19.0830773 ], [ 22.8086828, -19.0826616 ], [ 22.8086346, -19.0824538 ], [ 22.8086292, -19.0822206 ], [ 22.8087327, -19.0820431 ], [ 22.8090439, -19.0818251 ], [ 22.8093765, -19.0817795 ], [ 22.8096967, -19.0817136 ], [ 22.8100202, -19.0817085 ], [ 22.810621, -19.0817694 ], [ 22.8108141, -19.0817491 ], [ 22.8110072, -19.0816731 ], [ 22.8110915, -19.0814196 ], [ 22.8110539, -19.0810546 ], [ 22.8111344, -19.080796 ], [ 22.8113345, -19.0804006 ], [ 22.8116081, -19.0798987 ], [ 22.8116547, -19.0795742 ], [ 22.8116065, -19.0790824 ], [ 22.8114992, -19.0788087 ], [ 22.8112969, -19.0786566 ], [ 22.8111414, -19.0786059 ], [ 22.8109482, -19.0786414 ], [ 22.810562, -19.0787985 ], [ 22.8103742, -19.0788188 ], [ 22.8101489, -19.0788087 ], [ 22.8099129, -19.0787478 ], [ 22.8096393, -19.0785603 ], [ 22.809237, -19.0779367 ], [ 22.8088454, -19.0773384 ], [ 22.8086362, -19.0770951 ], [ 22.8085058, -19.0768517 ], [ 22.8084538, -19.0766844 ], [ 22.8084844, -19.076578 ], [ 22.8086254, -19.0765425 ], [ 22.8087756, -19.0765475 ], [ 22.8092638, -19.0766591 ], [ 22.8094178, -19.0766642 ], [ 22.809473, -19.076578 ], [ 22.8094838, -19.07636 ], [ 22.8094784, -19.0759797 ], [ 22.8095106, -19.0756198 ], [ 22.8096967, -19.0751432 ], [ 22.809752, -19.07491 ], [ 22.8097627, -19.0740329 ], [ 22.8099381, -19.0735918 ], [ 22.8102026, -19.0733383 ], [ 22.8106156, -19.0732471 ], [ 22.8109536, -19.0732521 ], [ 22.8114042, -19.0733586 ], [ 22.8121606, -19.073607 ], [ 22.8124825, -19.0736881 ], [ 22.8132496, -19.0738402 ], [ 22.8138059, -19.0739061 ], [ 22.8143906, -19.0738504 ], [ 22.8156405, -19.0733332 ], [ 22.8161769, -19.0730341 ], [ 22.8163609, -19.0727857 ], [ 22.816479, -19.0722077 ], [ 22.8166935, -19.0714929 ], [ 22.8167418, -19.070996 ], [ 22.8167418, -19.0705498 ], [ 22.8168368, -19.0700074 ], [ 22.8170567, -19.069622 ], [ 22.8173534, -19.069404 ], [ 22.8177235, -19.0693128 ], [ 22.8179901, -19.0693026 ], [ 22.8181832, -19.0692012 ], [ 22.8186714, -19.0685522 ], [ 22.81885, -19.06839 ], [ 22.8191596, -19.0682734 ], [ 22.8194278, -19.0682683 ], [ 22.8197888, -19.06839 ], [ 22.8200071, -19.0684458 ], [ 22.8202539, -19.068461 ], [ 22.8205184, -19.0683849 ], [ 22.8206364, -19.0683292 ], [ 22.8207115, -19.0681466 ], [ 22.8207651, -19.0673405 ], [ 22.8208939, -19.0671783 ], [ 22.8211068, -19.0670616 ], [ 22.8213, -19.0670414 ], [ 22.8216073, -19.0671073 ], [ 22.8217828, -19.0674166 ], [ 22.8222511, -19.0679388 ], [ 22.8227124, -19.0684103 ], [ 22.8231845, -19.0686993 ], [ 22.8239462, -19.0689984 ], [ 22.8249333, -19.0695409 ], [ 22.825518, -19.0697589 ], [ 22.8258597, -19.0698198 ], [ 22.8261011, -19.0697893 ], [ 22.8263066, -19.069617 ], [ 22.8263747, -19.0693128 ], [ 22.8262942, -19.068679 ], [ 22.826321, -19.0682633 ], [ 22.8264337, -19.0678881 ], [ 22.8267448, -19.0673963 ], [ 22.8270415, -19.0672036 ], [ 22.8273794, -19.0670819 ], [ 22.827653, -19.0670718 ], [ 22.8279411, -19.0670819 ], [ 22.8286562, -19.0672188 ], [ 22.8289405, -19.0673506 ], [ 22.8292355, -19.0675129 ], [ 22.8292355, -19.0676498 ], [ 22.8291551, -19.0678171 ], [ 22.8289995, -19.0680655 ], [ 22.8288654, -19.0683647 ], [ 22.8288225, -19.0686689 ], [ 22.8288493, -19.0688767 ], [ 22.8289029, -19.0690947 ], [ 22.8290156, -19.0692823 ], [ 22.8292677, -19.0694142 ], [ 22.8295773, -19.0694496 ], [ 22.8300885, -19.0694192 ], [ 22.8303229, -19.0693584 ], [ 22.8306303, -19.0691302 ], [ 22.8311238, -19.0684204 ], [ 22.8316479, -19.0677208 ], [ 22.8320787, -19.0674064 ], [ 22.8323614, -19.0672492 ], [ 22.8326098, -19.0672239 ], [ 22.8329407, -19.067229 ], [ 22.8331607, -19.0672543 ], [ 22.8334788, -19.0672087 ], [ 22.8339063, -19.0670667 ], [ 22.8341638, -19.0670059 ], [ 22.8344052, -19.0669755 ], [ 22.834659, -19.0670566 ], [ 22.8348719, -19.0671732 ], [ 22.8349701, -19.067447 ], [ 22.8350774, -19.067959 ], [ 22.835167, -19.0681061 ], [ 22.8353242, -19.068248 ], [ 22.8354261, -19.0682937 ], [ 22.83558, -19.0682886 ], [ 22.8358483, -19.0681112 ], [ 22.8363005, -19.067523 ], [ 22.8366476, -19.0669298 ], [ 22.8369533, -19.0664634 ], [ 22.8371625, -19.0659462 ], [ 22.8372323, -19.0654747 ], [ 22.8372017, -19.065135 ], [ 22.837125, -19.064775 ], [ 22.8369496, -19.0644252 ], [ 22.8367833, -19.0642528 ], [ 22.8365741, -19.0641666 ], [ 22.836338, -19.064121 ], [ 22.836043, -19.0641919 ], [ 22.8356782, -19.064344 ], [ 22.8352973, -19.0644556 ], [ 22.8349916, -19.0644556 ], [ 22.8345678, -19.0643136 ], [ 22.8339653, -19.0638827 ], [ 22.8337416, -19.0635987 ], [ 22.8337561, -19.0633046 ], [ 22.8338758, -19.0630461 ], [ 22.8343677, -19.0628179 ], [ 22.8356353, -19.062539 ], [ 22.8363005, -19.062316 ], [ 22.8367511, -19.0620726 ], [ 22.8371695, -19.0619154 ], [ 22.8375933, -19.0618393 ], [ 22.8378401, -19.0618901 ], [ 22.8381619, -19.0619661 ], [ 22.8383926, -19.0619965 ], [ 22.838516, -19.0619205 ], [ 22.8386286, -19.0617988 ], [ 22.8386592, -19.061596 ], [ 22.8386233, -19.0614439 ], [ 22.8384194, -19.0610839 ], [ 22.838237, -19.0608811 ], [ 22.8380332, -19.0605464 ], [ 22.837994, -19.060298 ], [ 22.8380745, -19.0601662 ], [ 22.838296, -19.06008 ], [ 22.8385412, -19.0601205 ], [ 22.8387949, -19.060303 ], [ 22.8393153, -19.0609064 ], [ 22.8395299, -19.0612157 ], [ 22.8396747, -19.0613273 ], [ 22.8398517, -19.0614185 ], [ 22.840113, -19.0614591 ], [ 22.8405475, -19.0614743 ], [ 22.8411553, -19.0617177 ], [ 22.842366, -19.0623109 ], [ 22.8427968, -19.0625036 ], [ 22.8433171, -19.0629193 ], [ 22.8444061, -19.0640145 ], [ 22.8446475, -19.0642325 ], [ 22.8448192, -19.0643187 ], [ 22.8449801, -19.0643542 ], [ 22.8451732, -19.0643339 ], [ 22.8453234, -19.0642071 ], [ 22.8454506, -19.0639486 ], [ 22.8454613, -19.0636545 ], [ 22.8454093, -19.0631576 ], [ 22.8453127, -19.0628128 ], [ 22.8452521, -19.0625492 ], [ 22.8452306, -19.0623362 ], [ 22.8453433, -19.0621588 ], [ 22.8455219, -19.062103 ], [ 22.8457579, -19.0620878 ], [ 22.8459993, -19.0621537 ], [ 22.8462123, -19.0623616 ], [ 22.8463588, -19.0626709 ], [ 22.8464178, -19.0631373 ], [ 22.8464929, -19.0633858 ], [ 22.8469381, -19.0637052 ], [ 22.8474048, -19.0639587 ], [ 22.8478055, -19.0640449 ], [ 22.8480255, -19.0639942 ], [ 22.8483651, -19.0638218 ], [ 22.8485458, -19.0635176 ], [ 22.8485405, -19.0632844 ], [ 22.8484831, -19.0630511 ], [ 22.8482739, -19.0627672 ], [ 22.8481558, -19.0625796 ], [ 22.8480432, -19.0623362 ], [ 22.8480378, -19.0621943 ], [ 22.8481811, -19.0619813 ], [ 22.8490286, -19.0614185 ], [ 22.8492824, -19.0611904 ], [ 22.8493237, -19.0610687 ], [ 22.8492915, -19.0608861 ], [ 22.8491536, -19.0607492 ], [ 22.8488264, -19.0606478 ], [ 22.8484562, -19.060587 ], [ 22.8482025, -19.0605261 ], [ 22.8480539, -19.060445 ], [ 22.8479734, -19.0602321 ], [ 22.8480486, -19.059796 ], [ 22.8481811, -19.0593802 ], [ 22.84829, -19.0591673 ], [ 22.8484868, -19.059076 ], [ 22.8487819, -19.059 ], [ 22.8491359, -19.0591166 ], [ 22.8492824, -19.0592687 ], [ 22.8495077, -19.0593397 ], [ 22.8501085, -19.0595628 ], [ 22.8506235, -19.0597098 ], [ 22.851058, -19.0598873 ], [ 22.8514228, -19.0601357 ], [ 22.8515821, -19.0603842 ], [ 22.8515354, -19.0606073 ], [ 22.8514335, -19.0607949 ], [ 22.8510832, -19.0610382 ], [ 22.8506181, -19.0612461 ], [ 22.8503016, -19.0613222 ], [ 22.8500227, -19.0614134 ], [ 22.8498725, -19.0614946 ], [ 22.8498242, -19.0616416 ], [ 22.8498778, -19.0618343 ], [ 22.8499154, -19.0620168 ], [ 22.8500119, -19.0621284 ], [ 22.8501675, -19.0621993 ], [ 22.8503982, -19.0622348 ], [ 22.8507452, -19.0621588 ], [ 22.8515354, -19.0618444 ], [ 22.8519378, -19.0616416 ], [ 22.8523186, -19.0613019 ], [ 22.8524887, -19.0611092 ], [ 22.852655, -19.0609723 ], [ 22.852773, -19.0609115 ], [ 22.8529768, -19.0609166 ], [ 22.8531072, -19.0609774 ], [ 22.8531753, -19.0610889 ], [ 22.8531394, -19.0613323 ], [ 22.8530482, -19.0616315 ], [ 22.8530053, -19.0618343 ], [ 22.8530267, -19.0619712 ], [ 22.8531179, -19.0620878 ], [ 22.8532896, -19.0620979 ], [ 22.8536635, -19.0619915 ], [ 22.8541586, -19.0617276 ], [ 22.8545129, -19.0615955 ], [ 22.8548562, -19.0614992 ], [ 22.8550974, -19.0614692 ], [ 22.8552854, -19.0614687 ], [ 22.855548, -19.0615149 ], [ 22.8557521, -19.0615803 ], [ 22.8559396, -19.0616974 ], [ 22.856074, -19.0618591 ], [ 22.8561973, -19.0620214 ], [ 22.8563151, -19.0622501 ], [ 22.8564277, -19.062387 ], [ 22.8565514, -19.0624929 ], [ 22.8567982, -19.0626501 ], [ 22.8570125, -19.0627115 ], [ 22.857227, -19.062676 ], [ 22.8575596, -19.0625796 ], [ 22.8578871, -19.0623611 ], [ 22.8581175, -19.0620625 ], [ 22.858198, -19.0618901 ], [ 22.8581929, -19.0617679 ], [ 22.8581607, -19.0615701 ], [ 22.8581124, -19.0613521 ], [ 22.8580159, -19.0610631 ], [ 22.8579622, -19.0607439 ], [ 22.857973, -19.0605665 ], [ 22.8581014, -19.060445 ], [ 22.8582785, -19.0603588 ], [ 22.8585148, -19.0603586 ], [ 22.8587559, -19.0604045 ], [ 22.8590295, -19.060587 ], [ 22.8592175, -19.0607997 ], [ 22.8594694, -19.0610585 ], [ 22.8596625, -19.0611245 ], [ 22.8598127, -19.0611498 ], [ 22.8600865, -19.0611341 ], [ 22.8603065, -19.0610733 ], [ 22.8605959, -19.0609318 ], [ 22.8609339, -19.0607391 ], [ 22.8612611, -19.0605312 ], [ 22.86154, -19.0604197 ], [ 22.8617495, -19.0604194 ], [ 22.8621033, -19.0605819 ], [ 22.8624895, -19.0608152 ], [ 22.8628382, -19.0609774 ], [ 22.8630048, -19.0610023 ], [ 22.8632355, -19.060982 ], [ 22.8635141, -19.0608963 ], [ 22.8637934, -19.0607439 ], [ 22.8639436, -19.0605259 ], [ 22.8640348, -19.0601963 ], [ 22.8641579, -19.0599127 ], [ 22.8642491, -19.0597403 ], [ 22.8643993, -19.0594817 ], [ 22.8645387, -19.0594056 ], [ 22.8647855, -19.0593955 ], [ 22.8650325, -19.0594358 ], [ 22.8652578, -19.0595828 ], [ 22.8653383, -19.0597299 ], [ 22.8654295, -19.0599479 ], [ 22.8655422, -19.0602825 ], [ 22.8656655, -19.0605462 ], [ 22.8658801, -19.0608248 ], [ 22.8660786, -19.0609414 ], [ 22.8663305, -19.0610636 ], [ 22.8667116, -19.0611797 ], [ 22.8669208, -19.0613166 ], [ 22.8672373, -19.0615499 ], [ 22.8674519, -19.0617932 ], [ 22.8675645, -19.0619453 ], [ 22.8676718, -19.062138 ], [ 22.8678167, -19.0623053 ], [ 22.8679988, -19.062463 ], [ 22.8681812, -19.0625441 ], [ 22.8683582, -19.0625543 ], [ 22.8690398, -19.0625031 ], [ 22.869238, -19.0624985 ], [ 22.8694475, -19.0625436 ], [ 22.8697747, -19.06264 ], [ 22.870225, -19.0628585 ], [ 22.8705898, -19.0631526 ], [ 22.8708634, -19.0633858 ], [ 22.8711316, -19.0635227 ], [ 22.8713033, -19.063548 ], [ 22.871609, -19.0635633 ], [ 22.8719848, -19.0634867 ], [ 22.8723067, -19.0633752 ], [ 22.8725803, -19.0632687 ], [ 22.8730202, -19.0629543 ], [ 22.8734761, -19.0625031 ], [ 22.8736636, -19.0622703 ], [ 22.8737819, -19.0621938 ], [ 22.8739587, -19.0622196 ], [ 22.8740606, -19.0623312 ], [ 22.8741252, -19.0624524 ], [ 22.8741413, -19.0625943 ], [ 22.874136, -19.0627464 ], [ 22.8740984, -19.0629239 ], [ 22.8738946, -19.0632028 ], [ 22.8736263, -19.0634664 ], [ 22.8734976, -19.0636236 ], [ 22.8734222, -19.0638218 ], [ 22.87339, -19.0639892 ], [ 22.8734815, -19.0641762 ], [ 22.8736263, -19.0643689 ], [ 22.8737441, -19.0644607 ], [ 22.8738782, -19.0645317 ], [ 22.8741893, -19.0646128 ], [ 22.8743878, -19.0647091 ], [ 22.8747258, -19.0648916 ], [ 22.8748062, -19.0650438 ], [ 22.8748226, -19.0652714 ], [ 22.8748119, -19.0655858 ], [ 22.8746402, -19.0660015 ], [ 22.8745917, -19.0663113 ], [ 22.874726, -19.0665896 ], [ 22.8749031, -19.0668178 ], [ 22.8751227, -19.0669653 ], [ 22.8753373, -19.0671174 ], [ 22.8754768, -19.0672493 ], [ 22.8756434, -19.0673755 ], [ 22.8757185, -19.0675631 ], [ 22.8757721, -19.0677862 ], [ 22.875756, -19.068136 ], [ 22.8756809, -19.068785 ], [ 22.8756755, -19.0690334 ], [ 22.8757721, -19.0693528 ], [ 22.8758794, -19.0695455 ], [ 22.8760832, -19.0697787 ], [ 22.8763461, -19.0700119 ], [ 22.876566, -19.070088 ], [ 22.8767642, -19.0700936 ], [ 22.8769255, -19.0700424 ], [ 22.8771829, -19.0699562 ], [ 22.8774938, -19.0697539 ], [ 22.8778157, -19.0695054 ], [ 22.8779501, -19.0694644 ], [ 22.8780839, -19.0694902 ], [ 22.8782183, -19.0695556 ], [ 22.8783578, -19.0696976 ], [ 22.8784811, -19.0698598 ], [ 22.8786525, -19.0700226 ], [ 22.8787866, -19.0700479 ], [ 22.8788939, -19.0700277 ], [ 22.8789583, -19.0699313 ], [ 22.8789476, -19.0698046 ], [ 22.8788564, -19.0696322 ], [ 22.8788137, -19.0694796 ], [ 22.8789905, -19.0693483 ], [ 22.8791839, -19.0691095 ], [ 22.8794092, -19.0684554 ], [ 22.87972, -19.0682633 ], [ 22.8798917, -19.0682379 ], [ 22.879999, -19.0681669 ], [ 22.8801119, -19.0680752 ], [ 22.8802404, -19.0680199 ], [ 22.8804391, -19.0679484 ], [ 22.8805569, -19.0678881 ], [ 22.8807449, -19.0676189 ], [ 22.8808841, -19.0674369 ], [ 22.8809163, -19.0672949 ], [ 22.8811737, -19.0674216 ], [ 22.8813346, -19.0675535 ], [ 22.8814527, -19.0677968 ], [ 22.8816136, -19.06803 ], [ 22.8818496, -19.0681619 ], [ 22.8820964, -19.0681517 ], [ 22.8822895, -19.0681517 ], [ 22.8825255, -19.0681923 ], [ 22.8829332, -19.0683241 ], [ 22.8835877, -19.0685573 ], [ 22.8839203, -19.0687094 ], [ 22.8842207, -19.0688818 ], [ 22.8844353, -19.0689021 ], [ 22.8847679, -19.0689122 ], [ 22.8851219, -19.0689427 ], [ 22.8853901, -19.0690339 ], [ 22.8856798, -19.0691455 ], [ 22.8858622, -19.0692164 ], [ 22.8861626, -19.0692164 ], [ 22.8865596, -19.0692367 ], [ 22.8870531, -19.0693178 ], [ 22.8873321, -19.0695308 ], [ 22.88789, -19.0696727 ], [ 22.888523, -19.0697032 ], [ 22.8895637, -19.0694801 ], [ 22.8906151, -19.0692266 ], [ 22.8916751, -19.068967 ], [ 22.8925677, -19.0685878 ], [ 22.8940354, -19.067811 ], [ 22.8948401, -19.0672533 ], [ 22.8953358, -19.0668639 ], [ 22.895604, -19.0664076 ], [ 22.895634, -19.0661075 ], [ 22.8955396, -19.0655558 ], [ 22.8954645, -19.065282 ], [ 22.8955053, -19.0651036 ], [ 22.8957306, -19.0648906 ], [ 22.8961168, -19.0646168 ], [ 22.896428, -19.0642214 ], [ 22.8965353, -19.063978 ], [ 22.8964923, -19.0637346 ], [ 22.8966533, -19.0635622 ], [ 22.8967198, -19.0632033 ], [ 22.8966232, -19.0629396 ], [ 22.8965052, -19.0626861 ], [ 22.896634, -19.062392 ], [ 22.8969322, -19.0621527 ], [ 22.8973099, -19.061956 ], [ 22.8975996, -19.061956 ], [ 22.8978141, -19.0620574 ], [ 22.8980824, -19.0620979 ], [ 22.8984793, -19.0619053 ], [ 22.8986403, -19.0619154 ], [ 22.8990372, -19.0621081 ], [ 22.8995308, -19.0622805 ], [ 22.9009899, -19.0625036 ], [ 22.9020091, -19.062534 ], [ 22.9027065, -19.0625746 ], [ 22.9032193, -19.0624164 ], [ 22.9037236, -19.0621628 ], [ 22.9040347, -19.0620716 ], [ 22.9041656, -19.0620979 ], [ 22.9044231, -19.0622399 ], [ 22.9047128, -19.0623413 ], [ 22.9050346, -19.0623515 ], [ 22.9055174, -19.0624123 ], [ 22.9058071, -19.062463 ], [ 22.9060432, -19.0625948 ], [ 22.906247, -19.0626455 ], [ 22.9063758, -19.0625543 ], [ 22.9064487, -19.0623555 ], [ 22.9064294, -19.0617937 ], [ 22.9064058, -19.0613719 ], [ 22.9065882, -19.0612502 ], [ 22.9070409, -19.0611752 ], [ 22.9075345, -19.0612259 ], [ 22.9081138, -19.0614084 ], [ 22.9085859, -19.0616923 ], [ 22.9087146, -19.061956 ], [ 22.9087683, -19.0621182 ], [ 22.9087361, -19.0623312 ], [ 22.9086932, -19.0625036 ], [ 22.9086825, -19.0626658 ], [ 22.9087576, -19.0628686 ], [ 22.908897, -19.0630512 ], [ 22.9090258, -19.0631424 ], [ 22.9093798, -19.0630714 ], [ 22.9097317, -19.0629639 ], [ 22.9100751, -19.0627814 ], [ 22.9102596, -19.0625036 ], [ 22.9105471, -19.0616862 ], [ 22.9106458, -19.0610433 ], [ 22.9105149, -19.0606113 ], [ 22.9103454, -19.0602524 ], [ 22.9102574, -19.0599623 ], [ 22.9102489, -19.0596439 ], [ 22.9103325, -19.0594553 ], [ 22.9106973, -19.0592322 ], [ 22.9112338, -19.0589686 ], [ 22.9116329, -19.0589037 ], [ 22.9119762, -19.059076 ], [ 22.9124805, -19.0593803 ], [ 22.9133173, -19.0599177 ], [ 22.9138323, -19.0602219 ], [ 22.9143795, -19.0603132 ], [ 22.9147657, -19.0602422 ], [ 22.9152378, -19.0600698 ], [ 22.9156562, -19.0597352 ], [ 22.9160296, -19.059364 ], [ 22.9161497, -19.0589442 ], [ 22.9160403, -19.0584919 ], [ 22.9160424, -19.0580518 ], [ 22.9161368, -19.057559 ], [ 22.9162356, -19.0570378 ], [ 22.9163643, -19.056622 ], [ 22.9166325, -19.0563076 ], [ 22.9169952, -19.0561697 ], [ 22.9172205, -19.0560277 ], [ 22.9173943, -19.0557499 ], [ 22.9174994, -19.0553888 ], [ 22.9175745, -19.0551455 ], [ 22.9176925, -19.0549731 ], [ 22.91795, -19.0548108 ], [ 22.9182933, -19.0546891 ], [ 22.9186603, -19.0546344 ], [ 22.9191216, -19.0546851 ], [ 22.9195829, -19.0548169 ], [ 22.919819, -19.0548676 ], [ 22.9201194, -19.0548676 ], [ 22.9203232, -19.0548169 ], [ 22.9205593, -19.0547155 ], [ 22.9208168, -19.0546952 ], [ 22.920967, -19.0546851 ], [ 22.9211708, -19.0547155 ], [ 22.9212996, -19.0547459 ], [ 22.9214176, -19.0546851 ], [ 22.9214798, -19.0545167 ], [ 22.9216214, -19.0544214 ], [ 22.9220077, -19.0544518 ], [ 22.9223081, -19.0544822 ], [ 22.9223724, -19.0545532 ], [ 22.9224475, -19.0546749 ], [ 22.9224905, -19.0548169 ], [ 22.9224475, -19.054969 ], [ 22.9223081, -19.0551921 ], [ 22.9222652, -19.0553645 ], [ 22.9222115, -19.0556079 ], [ 22.9222544, -19.0558513 ], [ 22.9223617, -19.0560439 ], [ 22.9225334, -19.0561454 ], [ 22.9226836, -19.0562163 ], [ 22.9227694, -19.0562772 ], [ 22.9228338, -19.056409 ], [ 22.9227909, -19.0565408 ], [ 22.9226407, -19.0567335 ], [ 22.9224368, -19.0568958 ], [ 22.9222527, -19.0571314 ], [ 22.9223086, -19.0574483 ], [ 22.9223198, -19.0577545 ], [ 22.9227779, -19.0581559 ], [ 22.9231913, -19.0581453 ], [ 22.9236159, -19.0582615 ], [ 22.9237053, -19.0583776 ], [ 22.9239399, -19.0585466 ], [ 22.9242304, -19.0586522 ], [ 22.9245321, -19.0588317 ], [ 22.9247556, -19.059043 ], [ 22.9250796, -19.0593175 ], [ 22.9253142, -19.0594337 ], [ 22.9255042, -19.0595076 ], [ 22.9256606, -19.0594654 ], [ 22.9258059, -19.0593915 ], [ 22.9262416, -19.0594865 ], [ 22.9265433, -19.0597611 ], [ 22.9267556, -19.0598984 ], [ 22.926845, -19.0600146 ], [ 22.9267444, -19.0601413 ], [ 22.9266327, -19.0602152 ], [ 22.9264651, -19.0603578 ], [ 22.9263422, -19.0604951 ], [ 22.9261187, -19.0606324 ], [ 22.9260628, -19.0607908 ], [ 22.9262081, -19.0608858 ], [ 22.9266774, -19.0609386 ], [ 22.9268003, -19.0610548 ], [ 22.9272249, -19.0617624 ], [ 22.9275489, -19.0620792 ], [ 22.9277612, -19.0623643 ], [ 22.9278841, -19.0624911 ], [ 22.9279958, -19.0627234 ], [ 22.9282081, -19.0627445 ], [ 22.9283869, -19.0626706 ], [ 22.928521, -19.0625861 ], [ 22.9287333, -19.0625544 ], [ 22.9290461, -19.0626706 ], [ 22.930007, -19.0628396 ], [ 22.9303869, -19.0627023 ], [ 22.9306216, -19.0625439 ], [ 22.9308115, -19.0625439 ], [ 22.9310573, -19.06266 ], [ 22.9318618, -19.0629874 ], [ 22.9320965, -19.0632092 ], [ 22.9322864, -19.0636527 ], [ 22.9323535, -19.0640435 ], [ 22.9324987, -19.0641913 ], [ 22.9328227, -19.0642652 ], [ 22.9331244, -19.0645187 ], [ 22.9334261, -19.064656 ], [ 22.9337278, -19.0646771 ], [ 22.9339401, -19.0646665 ], [ 22.9340965, -19.0645398 ], [ 22.9342864, -19.0645398 ], [ 22.9345434, -19.0646665 ], [ 22.9347781, -19.0647193 ], [ 22.9349792, -19.0646771 ], [ 22.9352809, -19.0644236 ], [ 22.9355379, -19.0643708 ], [ 22.935806, -19.0644553 ], [ 22.936063, -19.0647721 ], [ 22.9362753, -19.0648249 ], [ 22.9364206, -19.0647933 ], [ 22.9368005, -19.0649966 ], [ 22.9373256, -19.0655879 ], [ 22.9377614, -19.0658308 ], [ 22.9382642, -19.0660843 ], [ 22.9384318, -19.0662744 ], [ 22.9384876, -19.0665278 ], [ 22.9384876, -19.0668235 ], [ 22.9385323, -19.0673515 ], [ 22.9386329, -19.0677739 ], [ 22.9386552, -19.068133 ], [ 22.9386441, -19.0683759 ], [ 22.9387558, -19.0688511 ], [ 22.9386329, -19.0694002 ], [ 22.9388005, -19.0697698 ], [ 22.9391133, -19.0701606 ], [ 22.9394597, -19.0703612 ], [ 22.939929, -19.0703506 ], [ 22.9403089, -19.07015 ], [ 22.9406553, -19.0700021 ], [ 22.9409122, -19.0701817 ], [ 22.9410463, -19.0703718 ], [ 22.941024, -19.070583 ], [ 22.940767, -19.0707836 ], [ 22.9411525, -19.0717498 ], [ 22.9412307, -19.0722039 ], [ 22.9413648, -19.0726158 ], [ 22.9418117, -19.0726052 ], [ 22.9427614, -19.0724468 ], [ 22.9441134, -19.0720878 ], [ 22.9445492, -19.0721036 ], [ 22.94489, -19.0723571 ], [ 22.9452531, -19.0723465 ], [ 22.9455268, -19.0722039 ], [ 22.945728, -19.0716865 ], [ 22.9457168, -19.0714383 ], [ 22.9455715, -19.0711902 ], [ 22.9454095, -19.0710687 ], [ 22.9451414, -19.0709895 ], [ 22.9451693, -19.0707625 ], [ 22.9454822, -19.0704615 ], [ 22.9457224, -19.0701658 ], [ 22.9457727, -19.0698965 ], [ 22.9456833, -19.0697381 ], [ 22.945538, -19.0697329 ], [ 22.9451805, -19.0698173 ], [ 22.9448229, -19.069754 ], [ 22.9447503, -19.0695586 ], [ 22.9450073, -19.0692682 ], [ 22.9454766, -19.0691679 ], [ 22.9458844, -19.0690517 ], [ 22.9463816, -19.0691098 ], [ 22.9466777, -19.0692207 ], [ 22.9470464, -19.0694794 ], [ 22.9472531, -19.0696537 ], [ 22.9474263, -19.0698649 ], [ 22.9476051, -19.0703823 ], [ 22.9477559, -19.0705566 ], [ 22.9481973, -19.0705566 ], [ 22.9485939, -19.070583 ], [ 22.9497252, -19.0708839 ], [ 22.9504012, -19.0709842 ], [ 22.9513677, -19.0710318 ], [ 22.9519432, -19.0709526 ], [ 22.952446, -19.0706833 ], [ 22.9528035, -19.0705407 ], [ 22.9531666, -19.0705618 ], [ 22.9535856, -19.0706727 ], [ 22.9540382, -19.0709842 ], [ 22.954865, -19.0714476 ], [ 22.9551276, -19.0715901 ], [ 22.9553287, -19.0715479 ], [ 22.9555801, -19.0714212 ], [ 22.9558203, -19.0714159 ], [ 22.9559656, -19.0714792 ], [ 22.9560996, -19.071569 ], [ 22.9562114, -19.0717221 ], [ 22.9562561, -19.0719069 ], [ 22.956284, -19.0721656 ], [ 22.9564516, -19.0722924 ], [ 22.9567756, -19.072398 ], [ 22.9569991, -19.0723821 ], [ 22.9574293, -19.0725551 ], [ 22.9578874, -19.0728191 ], [ 22.9582058, -19.0730936 ], [ 22.958541, -19.0732678 ], [ 22.9587254, -19.0732362 ], [ 22.9587757, -19.0730936 ], [ 22.9587645, -19.0728824 ], [ 22.9588092, -19.0726871 ], [ 22.958988, -19.0726395 ], [ 22.9591779, -19.0726765 ], [ 22.9595634, -19.0727715 ], [ 22.9598204, -19.0727293 ], [ 22.9600159, -19.0727557 ], [ 22.9602673, -19.072856 ], [ 22.9603623, -19.0730039 ], [ 22.9607031, -19.073157 ], [ 22.9609377, -19.073289 ], [ 22.9610606, -19.0734368 ], [ 22.9612115, -19.0734843 ], [ 22.9613344, -19.0734526 ], [ 22.9614964, -19.0730567 ], [ 22.9615411, -19.0727451 ], [ 22.9614908, -19.0724811 ], [ 22.9614349, -19.0722752 ], [ 22.961407, -19.0720851 ], [ 22.9615299, -19.0719531 ], [ 22.9616416, -19.0719954 ], [ 22.9617366, -19.0720957 ], [ 22.9618651, -19.0722541 ], [ 22.9619824, -19.0723016 ], [ 22.9621668, -19.0722752 ], [ 22.9622897, -19.0721538 ], [ 22.9622729, -19.0720218 ], [ 22.9621668, -19.071837 ], [ 22.9621333, -19.0715994 ], [ 22.9622171, -19.0714093 ], [ 22.9623065, -19.0713882 ], [ 22.9624685, -19.0715307 ], [ 22.9625634, -19.0717683 ], [ 22.962597, -19.0720112 ], [ 22.9626472, -19.0721485 ], [ 22.9628651, -19.0722805 ], [ 22.9630048, -19.0722963 ], [ 22.9631053, -19.0722171 ], [ 22.9632506, -19.0720323 ], [ 22.9633903, -19.0718686 ], [ 22.9636081, -19.0719056 ], [ 22.963664, -19.0720693 ], [ 22.9640439, -19.0724072 ], [ 22.9642841, -19.0724864 ], [ 22.9645746, -19.0725339 ], [ 22.9646584, -19.0725603 ], [ 22.9647255, -19.0726765 ], [ 22.9648149, -19.0729563 ], [ 22.9650104, -19.073347 ], [ 22.9652618, -19.0738011 ], [ 22.96553, -19.073949 ], [ 22.9656976, -19.0739226 ], [ 22.9656976, -19.073611 ], [ 22.9658372, -19.0733893 ], [ 22.9659657, -19.0732995 ], [ 22.9661724, -19.0733576 ], [ 22.9665244, -19.0734896 ], [ 22.9667479, -19.073516 ], [ 22.9671445, -19.0734685 ], [ 22.9674797, -19.0733154 ], [ 22.9678429, -19.0733734 ], [ 22.9681334, -19.0734632 ], [ 22.9683736, -19.0734738 ], [ 22.9687814, -19.073384 ], [ 22.9691278, -19.0734051 ], [ 22.969463, -19.0733365 ], [ 22.9697367, -19.0730461 ], [ 22.9698652, -19.0730144 ], [ 22.9700664, -19.0730725 ], [ 22.9705133, -19.0732467 ], [ 22.9708485, -19.0732256 ], [ 22.9708876, -19.0731728 ], [ 22.9708429, -19.0730091 ], [ 22.9706976, -19.0728085 ], [ 22.9706362, -19.0725392 ], [ 22.9706697, -19.0723544 ], [ 22.9708876, -19.0722752 ], [ 22.9709882, -19.0723914 ], [ 22.9710552, -19.072497 ], [ 22.9712172, -19.0729194 ], [ 22.9714183, -19.073025 ], [ 22.9717033, -19.0730567 ], [ 22.971977, -19.0731517 ], [ 22.9721893, -19.0731411 ], [ 22.9720608, -19.0727821 ], [ 22.9719491, -19.0723914 ], [ 22.9722005, -19.0722013 ], [ 22.9724072, -19.0723069 ], [ 22.9728206, -19.0720746 ], [ 22.9731614, -19.0716152 ], [ 22.9733904, -19.0713882 ], [ 22.9736474, -19.0712509 ], [ 22.9738485, -19.0709869 ], [ 22.9739938, -19.0709394 ], [ 22.9741837, -19.0709922 ], [ 22.9743681, -19.0712139 ], [ 22.974424, -19.0713934 ], [ 22.974262, -19.071969 ], [ 22.9741837, -19.072233 ], [ 22.9743234, -19.0725656 ], [ 22.974815, -19.0727504 ], [ 22.9751502, -19.0729986 ], [ 22.9753849, -19.0730883 ], [ 22.9755245, -19.0730831 ], [ 22.975681, -19.0732256 ], [ 22.9757536, -19.0734738 ], [ 22.9759044, -19.0736744 ], [ 22.9760497, -19.0740282 ], [ 22.9767173, -19.0744176 ], [ 22.977019, -19.0744598 ], [ 22.9772536, -19.0745654 ], [ 22.9774883, -19.0746288 ], [ 22.977667, -19.0749244 ], [ 22.9778905, -19.0749244 ], [ 22.9780469, -19.0747977 ], [ 22.9782927, -19.0747555 ], [ 22.978505, -19.0748294 ], [ 22.9787955, -19.0748083 ], [ 22.9790749, -19.0749033 ], [ 22.9793207, -19.0748611 ], [ 22.9795442, -19.0753257 ], [ 22.9802481, -19.0751673 ], [ 22.980304, -19.074502 ], [ 22.9806392, -19.0740796 ], [ 22.9807844, -19.0737734 ], [ 22.9809632, -19.0734988 ], [ 22.9813654, -19.0733088 ], [ 22.982047, -19.0733088 ], [ 22.9820135, -19.0730131 ], [ 22.9818235, -19.0725907 ], [ 22.9816894, -19.0722633 ], [ 22.9818012, -19.0719043 ], [ 22.9819129, -19.0714713 ], [ 22.9819464, -19.0707744 ], [ 23.0861115, -19.1157788 ], [ 23.0860215, -19.1160451 ], [ 23.0861055, -19.1162264 ], [ 23.0860335, -19.1164701 ], [ 23.0858896, -19.1166231 ], [ 23.0859675, -19.1170254 ], [ 23.0861594, -19.1171047 ], [ 23.0863513, -19.1173257 ], [ 23.0863393, -19.1176572 ], [ 23.0862194, -19.1177988 ], [ 23.0860695, -19.1180652 ], [ 23.0860575, -19.1184562 ], [ 23.0858896, -19.1187168 ], [ 23.0862554, -19.1189095 ], [ 23.0865972, -19.1191248 ], [ 23.0867232, -19.1194081 ], [ 23.087083, -19.1194988 ], [ 23.087149, -19.1195554 ], [ 23.087143, -19.1197311 ], [ 23.0872029, -19.1198897 ], [ 23.0872029, -19.1202014 ], [ 23.087107, -19.1204564 ], [ 23.087131, -19.1205924 ], [ 23.0874908, -19.1206377 ], [ 23.0875868, -19.120717 ], [ 23.0874608, -19.120887 ], [ 23.0874848, -19.1210683 ], [ 23.0876947, -19.121142 ], [ 23.0879286, -19.1210825 ], [ 23.0878986, -19.1215528 ], [ 23.0876347, -19.1216888 ], [ 23.0874368, -19.1218814 ], [ 23.0874248, -19.1220798 ], [ 23.0876107, -19.1223801 ], [ 23.0876047, -19.1225444 ], [ 23.0873349, -19.1226237 ], [ 23.0874548, -19.122873 ], [ 23.0874128, -19.1232527 ], [ 23.0875448, -19.1233093 ], [ 23.0878206, -19.123366 ], [ 23.0879706, -19.1235756 ], [ 23.0883184, -19.1236323 ], [ 23.0885823, -19.123723 ], [ 23.0889181, -19.123553 ], [ 23.089206, -19.1237456 ], [ 23.0898057, -19.123655 ], [ 23.0899616, -19.1238136 ], [ 23.0897097, -19.1240629 ], [ 23.0899256, -19.1241989 ], [ 23.0899616, -19.1245616 ], [ 23.0896258, -19.1247315 ], [ 23.0896978, -19.1251508 ], [ 23.0900936, -19.1254795 ], [ 23.0901295, -19.1256041 ], [ 23.0902255, -19.1257741 ], [ 23.0901655, -19.1260348 ], [ 23.0903694, -19.1261594 ], [ 23.0904894, -19.1266807 ], [ 23.0908012, -19.1268847 ], [ 23.0911513, -19.1272913 ], [ 23.0907221, -19.1273116 ], [ 23.0904002, -19.1275751 ], [ 23.0905719, -19.1284063 ], [ 23.0904646, -19.1288118 ], [ 23.0900998, -19.1286091 ], [ 23.0902286, -19.1290145 ], [ 23.0906792, -19.1291361 ], [ 23.0908294, -19.1295416 ], [ 23.0906142, -19.1299492 ], [ 23.0905019, -19.1300245 ], [ 23.0904077, -19.1301216 ], [ 23.0904131, -19.1302331 ], [ 23.0904775, -19.1303648 ], [ 23.0906062, -19.1305118 ], [ 23.090676, -19.1306638 ], [ 23.0907082, -19.1308463 ], [ 23.0907082, -19.1310997 ], [ 23.090853, -19.1315406 ], [ 23.0909764, -19.1317484 ], [ 23.0911105, -19.1318346 ], [ 23.0912124, -19.1318295 ], [ 23.0912982, -19.1317839 ], [ 23.0913572, -19.1317383 ], [ 23.0914377, -19.1317586 ], [ 23.0915182, -19.1318295 ], [ 23.0915986, -19.1319664 ], [ 23.0917006, -19.1321184 ], [ 23.0918991, -19.1322552 ], [ 23.0922316, -19.1324377 ], [ 23.0923872, -19.1325796 ], [ 23.0925428, -19.1327925 ], [ 23.0926876, -19.1331067 ], [ 23.0926984, -19.1332435 ], [ 23.0926369, -19.1333239 ], [ 23.0925267, -19.133355 ], [ 23.0924087, -19.1333956 ], [ 23.0923872, -19.1334564 ], [ 23.0924087, -19.1335375 ], [ 23.0925481, -19.133578 ], [ 23.0927574, -19.1335932 ], [ 23.0929505, -19.1336439 ], [ 23.0930071, -19.133709 ], [ 23.09309, -19.1338466 ], [ 23.093106, -19.1339835 ], [ 23.0931436, -19.1342571 ], [ 23.0931811, -19.134399 ], [ 23.0932377, -19.1344743 ], [ 23.0933153, -19.1344852 ], [ 23.0934333, -19.1344142 ], [ 23.093562, -19.1343484 ], [ 23.0936723, -19.1343172 ], [ 23.0937688, -19.1343121 ], [ 23.0938117, -19.1343273 ], [ 23.0938463, -19.134394 ], [ 23.0938463, -19.1345156 ], [ 23.0938088, -19.1346372 ], [ 23.0938088, -19.1347589 ], [ 23.0938785, -19.1349109 ], [ 23.0939912, -19.1351136 ], [ 23.0940341, -19.1352809 ], [ 23.0940985, -19.1355951 ], [ 23.0941682, -19.1358738 ], [ 23.094254, -19.1360614 ], [ 23.0943506, -19.1361374 ], [ 23.0945306, -19.1362126 ], [ 23.0946456, -19.1362438 ], [ 23.0947261, -19.1363148 ], [ 23.094828, -19.1364668 ], [ 23.0948817, -19.1366239 ], [ 23.0949782, -19.1369584 ], [ 23.0950641, -19.137151 ], [ 23.0951177, -19.1372067 ], [ 23.0951874, -19.1372625 ], [ 23.0954318, -19.1373428 ], [ 23.0956678, -19.1374137 ], [ 23.0958151, -19.1374145 ], [ 23.0959975, -19.1373588 ], [ 23.0962281, -19.1371864 ], [ 23.0963462, -19.1370597 ], [ 23.0964266, -19.1369989 ], [ 23.096491, -19.1369888 ], [ 23.0965285, -19.1370141 ], [ 23.09655, -19.1370902 ], [ 23.0966267, -19.1372878 ], [ 23.0968719, -19.1375969 ], [ 23.0970972, -19.1378149 ], [ 23.09736, -19.1379922 ], [ 23.0975776, -19.1381283 ], [ 23.0977785, -19.1383419 ], [ 23.0979608, -19.1385852 ], [ 23.0980735, -19.1387018 ], [ 23.0981754, -19.1387676 ], [ 23.0983042, -19.138793 ], [ 23.0984841, -19.1388024 ], [ 23.0986612, -19.1388074 ], [ 23.0988031, -19.138793 ], [ 23.0988889, -19.1387322 ], [ 23.0989938, -19.1384881 ], [ 23.0990659, -19.1384281 ], [ 23.0991678, -19.1383926 ], [ 23.0992566, -19.1383969 ], [ 23.0994131, -19.1383524 ], [ 23.099677, -19.1383411 ], [ 23.1001088, -19.1385111 ], [ 23.1004327, -19.1387604 ], [ 23.1002288, -19.1389417 ], [ 23.1000968, -19.1393723 ], [ 23.1003487, -19.1395196 ], [ 23.1007205, -19.1392476 ], [ 23.1009724, -19.1392703 ], [ 23.1009844, -19.1395762 ], [ 23.1005526, -19.1398935 ], [ 23.1006606, -19.1400521 ], [ 23.1010444, -19.1401541 ], [ 23.1011283, -19.1404487 ], [ 23.1007925, -19.1408567 ], [ 23.1004447, -19.1408793 ], [ 23.1003727, -19.1411286 ], [ 23.1008045, -19.1412759 ], [ 23.1009364, -19.1416272 ], [ 23.1005766, -19.1418085 ], [ 23.1001328, -19.1421484 ], [ 23.099833, -19.1424883 ], [ 23.1001928, -19.142749 ], [ 23.0998929, -19.1432362 ], [ 23.0998809, -19.1436611 ], [ 23.1001088, -19.1436271 ], [ 23.1002767, -19.1437518 ], [ 23.1002528, -19.1439897 ], [ 23.1000369, -19.144171 ], [ 23.1001448, -19.1444769 ], [ 23.1004087, -19.1446809 ], [ 23.1007565, -19.1448735 ], [ 23.1007565, -19.1450322 ], [ 23.1001208, -19.1456667 ], [ 23.1000968, -19.1458366 ], [ 23.1003367, -19.1458366 ], [ 23.1003847, -19.1461199 ], [ 23.1003367, -19.1463125 ], [ 23.1003847, -19.1465731 ], [ 23.1006126, -19.1465845 ], [ 23.1006486, -19.1467771 ], [ 23.1003967, -19.1468904 ], [ 23.0999049, -19.1468224 ], [ 23.099797, -19.1464938 ], [ 23.099665, -19.1464598 ], [ 23.0995931, -19.1467771 ], [ 23.0993892, -19.1469131 ], [ 23.0990173, -19.1469924 ], [ 23.0989214, -19.1470264 ], [ 23.0991493, -19.1471963 ], [ 23.0994251, -19.147321 ], [ 23.0994491, -19.1476496 ], [ 23.0994611, -19.1485334 ], [ 23.0998809, -19.148692 ], [ 23.1002048, -19.148624 ], [ 23.1004567, -19.1486467 ], [ 23.1007085, -19.1489979 ], [ 23.1010564, -19.1490319 ], [ 23.1013442, -19.1491679 ], [ 23.1012123, -19.1495531 ], [ 23.1012123, -19.1503349 ], [ 23.1016321, -19.1506635 ], [ 23.1019559, -19.1506069 ], [ 23.1020039, -19.1502896 ], [ 23.1020999, -19.1499724 ], [ 23.1027836, -19.1497118 ], [ 23.1032753, -19.1494851 ], [ 23.1035872, -19.1495531 ], [ 23.1038391, -19.1498364 ], [ 23.1037551, -19.1501423 ], [ 23.1037431, -19.1503236 ], [ 23.103959, -19.1504369 ], [ 23.1041149, -19.1507882 ], [ 23.1043668, -19.1507995 ], [ 23.1045347, -19.1506635 ], [ 23.1046906, -19.1506862 ], [ 23.1047746, -19.1512187 ], [ 23.1051944, -19.1513887 ], [ 23.1056622, -19.1513887 ], [ 23.10601, -19.151604 ], [ 23.1065618, -19.1523404 ], [ 23.1068496, -19.1523064 ], [ 23.1071855, -19.1523291 ], [ 23.1072574, -19.1527823 ], [ 23.1069936, -19.1529636 ], [ 23.1071015, -19.1531222 ], [ 23.1073054, -19.1533035 ], [ 23.1075453, -19.1535528 ], [ 23.1073534, -19.1544252 ], [ 23.1072214, -19.1545499 ], [ 23.1071495, -19.1547765 ], [ 23.1073894, -19.1549917 ], [ 23.1727704, -19.1244086 ], [ 23.2452221, -19.1168894 ], [ 23.2952474, -19.107327 ], [ 23.5047113, -19.1314934 ], [ 23.5048034, -19.1424704 ], [ 23.5055225, -19.1420968 ], [ 23.505718, -19.14208 ], [ 23.5058947, -19.1420844 ], [ 23.506104, -19.1419142 ], [ 23.5062715, -19.1418789 ], [ 23.5063181, -19.1418436 ], [ 23.506903, -19.1418964 ], [ 23.5071099, -19.1418802 ], [ 23.5073168, -19.1419123 ], [ 23.5076556, -19.1419108 ], [ 23.5079349, -19.1419489 ], [ 23.5080603, -19.1420339 ], [ 23.5081344, -19.1419844 ], [ 23.5084238, -19.1419799 ], [ 23.508626, -19.1418685 ], [ 23.5087571, -19.1418553 ], [ 23.509076, -19.1417534 ], [ 23.5091888, -19.1416255 ], [ 23.5092708, -19.1414668 ], [ 23.5094218, -19.1412988 ], [ 23.5095081, -19.1408538 ], [ 23.5098864, -19.1407645 ], [ 23.510317, -19.1402549 ], [ 23.5103086, -19.1400178 ], [ 23.5106109, -19.1400597 ], [ 23.5106795, -19.1398846 ], [ 23.5107381, -19.1398294 ], [ 23.5110827, -19.1397597 ], [ 23.5112336, -19.1397489 ], [ 23.5113529, -19.1397954 ], [ 23.5116154, -19.1399633 ], [ 23.5118468, -19.1399227 ], [ 23.5119636, -19.1397628 ], [ 23.5121029, -19.1396567 ], [ 23.512228, -19.139652 ], [ 23.5125233, -19.1396955 ], [ 23.5126428, -19.1395339 ], [ 23.5127625, -19.1392124 ], [ 23.513063, -19.138966 ], [ 23.513576, -19.1384727 ], [ 23.5138194, -19.1378741 ], [ 23.5141914, -19.1376037 ], [ 23.5144544, -19.1376714 ], [ 23.5152122, -19.1376989 ], [ 23.5155598, -19.1375361 ], [ 23.5160398, -19.1373464 ], [ 23.5165703, -19.1371988 ], [ 23.5169948, -19.1369819 ], [ 23.5172153, -19.1369597 ], [ 23.5174948, -19.1365192 ], [ 23.517898, -19.1365303 ], [ 23.5186391, -19.1368415 ], [ 23.5190062, -19.1367956 ], [ 23.5192747, -19.1368494 ], [ 23.5195256, -19.1369845 ], [ 23.5198373, -19.1369323 ], [ 23.5198984, -19.1368573 ], [ 23.5201252, -19.1368434 ], [ 23.5202247, -19.1367852 ], [ 23.5203598, -19.1367892 ], [ 23.5205101, -19.1368532 ], [ 23.5209628, -19.1371457 ], [ 23.521342, -19.1372574 ], [ 23.5214566, -19.1371726 ], [ 23.5215422, -19.1371794 ], [ 23.5216456, -19.1372799 ], [ 23.5219382, -19.1373914 ], [ 23.5219461, -19.1375778 ], [ 23.5219919, -19.1377628 ], [ 23.5220847, -19.1378449 ], [ 23.522161, -19.1378426 ], [ 23.5223688, -19.1378005 ], [ 23.5224465, -19.1377074 ], [ 23.5225321, -19.1376983 ], [ 23.5226765, -19.1375434 ], [ 23.5228632, -19.1375706 ], [ 23.5231016, -19.13757 ], [ 23.5232816, -19.1374998 ], [ 23.5235729, -19.1374064 ], [ 23.5236713, -19.1374599 ], [ 23.5236593, -19.1375367 ], [ 23.5236131, -19.1375843 ], [ 23.523595, -19.1376256 ], [ 23.5235969, -19.137661 ], [ 23.5236081, -19.1376948 ], [ 23.5237282, -19.1377837 ], [ 23.5237418, -19.1378546 ], [ 23.5237879, -19.1379347 ], [ 23.5238318, -19.1380438 ], [ 23.5239358, -19.1381259 ], [ 23.524094, -19.138243 ], [ 23.5242624, -19.138231 ], [ 23.5244349, -19.1382263 ], [ 23.5245962, -19.1383257 ], [ 23.5248533, -19.1383816 ], [ 23.5248704, -19.1384767 ], [ 23.5248962, -19.1385236 ], [ 23.5250245, -19.1385863 ], [ 23.5252599, -19.1387275 ], [ 23.5253374, -19.1388982 ], [ 23.5253533, -19.1389925 ], [ 23.5254726, -19.1390901 ], [ 23.5256185, -19.1390883 ], [ 23.5258033, -19.1391701 ], [ 23.5258473, -19.1392098 ], [ 23.5258609, -19.1393099 ], [ 23.5259856, -19.1393732 ], [ 23.5260523, -19.1395091 ], [ 23.5262347, -19.139598 ], [ 23.5263001, -19.1396555 ], [ 23.5263598, -19.1400087 ], [ 23.5266242, -19.1401579 ], [ 23.526667, -19.1402245 ], [ 23.5267201, -19.1403397 ], [ 23.5268394, -19.1404083 ], [ 23.5270524, -19.1406602 ], [ 23.5270102, -19.1407243 ], [ 23.5269088, -19.1410085 ], [ 23.5269286, -19.1413068 ], [ 23.5269579, -19.1414773 ], [ 23.5270286, -19.1416521 ], [ 23.5272131, -19.1418338 ], [ 23.5272239, -19.1419916 ], [ 23.527274, -19.1421176 ], [ 23.5274215, -19.1421512 ], [ 23.527521, -19.1421781 ], [ 23.5275297, -19.1422712 ], [ 23.5276129, -19.1423622 ], [ 23.527753, -19.1427218 ], [ 23.5277456, -19.1430085 ], [ 23.5277451, -19.1434037 ], [ 23.5278024, -19.1435811 ], [ 23.5282855, -19.1439664 ], [ 23.5287924, -19.1441194 ], [ 23.5290971, -19.1442615 ], [ 23.5292144, -19.1445461 ], [ 23.5291857, -19.1447756 ], [ 23.5291972, -19.1449208 ], [ 23.5293169, -19.1452169 ], [ 23.5294211, -19.1453419 ], [ 23.5295442, -19.1454177 ], [ 23.5295433, -19.1457713 ], [ 23.5294602, -19.145906 ], [ 23.5292828, -19.1460022 ], [ 23.529062, -19.1463048 ], [ 23.5288702, -19.1463743 ], [ 23.5288248, -19.1464509 ], [ 23.5289686, -19.1466273 ], [ 23.5289372, -19.1467498 ], [ 23.5287623, -19.1468231 ], [ 23.52871, -19.1469021 ], [ 23.5287606, -19.1470223 ], [ 23.5287127, -19.1472297 ], [ 23.5287306, -19.147384 ], [ 23.5289041, -19.1474161 ], [ 23.528949, -19.1475465 ], [ 23.5289993, -19.1476183 ], [ 23.5290871, -19.1476556 ], [ 23.5293241, -19.1476919 ], [ 23.5297396, -19.1477119 ], [ 23.5298647, -19.1475663 ], [ 23.5299675, -19.1475298 ], [ 23.5301076, -19.1476088 ], [ 23.5301657, -19.147648 ], [ 23.5302924, -19.1476865 ], [ 23.5304202, -19.1477771 ], [ 23.5306455, -19.1477303 ], [ 23.5307673, -19.1477977 ], [ 23.5309813, -19.1479566 ], [ 23.5311618, -19.1481593 ], [ 23.5313412, -19.148174 ], [ 23.5315221, -19.148265 ], [ 23.5315797, -19.1483268 ], [ 23.5315497, -19.1483924 ], [ 23.5314421, -19.148462 ], [ 23.5314264, -19.1486401 ], [ 23.5314964, -19.1490069 ], [ 23.5315826, -19.1491806 ], [ 23.5318289, -19.1493996 ], [ 23.5316587, -19.1498085 ], [ 23.5316379, -19.150013 ], [ 23.5316428, -19.1500672 ], [ 23.5316647, -19.1501349 ], [ 23.5316702, -19.1501631 ], [ 23.5316101, -19.1502543 ], [ 23.5315965, -19.1503431 ], [ 23.5316018, -19.1504281 ], [ 23.5316493, -19.150519 ], [ 23.5316972, -19.1505949 ], [ 23.5317146, -19.1506491 ], [ 23.5316951, -19.1506783 ], [ 23.5315651, -19.1507362 ], [ 23.5314969, -19.1508257 ], [ 23.5314645, -19.1509198 ], [ 23.5314554, -19.1510094 ], [ 23.5314127, -19.1510904 ], [ 23.5313987, -19.1511771 ], [ 23.5313708, -19.1512799 ], [ 23.5313479, -19.15147 ], [ 23.5313073, -19.1515886 ], [ 23.531268, -19.1517891 ], [ 23.5311685, -19.1518935 ], [ 23.5311054, -19.1521252 ], [ 23.5310226, -19.1522126 ], [ 23.5309813, -19.1524318 ], [ 23.5310481, -19.1525823 ], [ 23.5310314, -19.1532002 ], [ 23.5305408, -19.153608 ], [ 23.5305484, -19.1539873 ], [ 23.530656, -19.1542566 ], [ 23.5310968, -19.1542562 ], [ 23.531575, -19.1539959 ], [ 23.5317283, -19.1539624 ], [ 23.5320437, -19.1539843 ], [ 23.5322084, -19.1541144 ], [ 23.5323946, -19.1544354 ], [ 23.5329872, -19.1542934 ], [ 23.533311, -19.1544704 ], [ 23.533625, -19.1547212 ], [ 23.5341101, -19.1550004 ], [ 23.5342148, -19.1550694 ], [ 23.5342083, -19.155579 ], [ 23.5343177, -19.1556567 ], [ 23.5349965, -19.1556002 ], [ 23.5351568, -19.1554566 ], [ 23.5353543, -19.1553113 ], [ 23.5355027, -19.1551954 ], [ 23.5355896, -19.1551586 ], [ 23.5356869, -19.1551525 ], [ 23.5361794, -19.1552167 ], [ 23.5363419, -19.1554012 ], [ 23.5367652, -19.1554676 ], [ 23.536959, -19.1553927 ], [ 23.5371084, -19.1554115 ], [ 23.5372834, -19.1555369 ], [ 23.5374355, -19.155604 ], [ 23.5375311, -19.1557554 ], [ 23.5375871, -19.1558037 ], [ 23.537645, -19.1558435 ], [ 23.5377042, -19.1558956 ], [ 23.5377466, -19.1558941 ], [ 23.5377816, -19.1558447 ], [ 23.5378299, -19.1558366 ], [ 23.5379317, -19.1558566 ], [ 23.5379655, -19.1558837 ], [ 23.5379725, -19.1559466 ], [ 23.5380103, -19.1559959 ], [ 23.5380968, -19.1559964 ], [ 23.5381761, -19.155993 ], [ 23.538219, -19.1560421 ], [ 23.538295, -19.1560919 ], [ 23.5383052, -19.1561654 ], [ 23.5384095, -19.1562292 ], [ 23.5386118, -19.1562732 ], [ 23.5387612, -19.1562908 ], [ 23.5387571, -19.1563519 ], [ 23.5387227, -19.1564709 ], [ 23.5387496, -19.1565797 ], [ 23.5387347, -19.1566737 ], [ 23.5387773, -19.1567261 ], [ 23.5388547, -19.1567705 ], [ 23.5388668, -19.156875 ], [ 23.5389357, -19.1570451 ], [ 23.5389763, -19.1571101 ], [ 23.5390434, -19.1571772 ], [ 23.5390651, -19.1572499 ], [ 23.5390721, -19.1573919 ], [ 23.5390831, -19.1575014 ], [ 23.5390257, -19.1575749 ], [ 23.5390156, -19.157754 ], [ 23.5390803, -19.1579581 ], [ 23.5391033, -19.158015 ], [ 23.5390572, -19.1580553 ], [ 23.539007, -19.1581112 ], [ 23.5389825, -19.1582092 ], [ 23.5389643, -19.1583149 ], [ 23.5390691, -19.1584573 ], [ 23.5392473, -19.1585135 ], [ 23.5393388, -19.1585991 ], [ 23.5394394, -19.1586461 ], [ 23.5394702, -19.1586934 ], [ 23.5395559, -19.1587267 ], [ 23.5396337, -19.1588238 ], [ 23.5397402, -19.1588583 ], [ 23.5398576, -19.1588761 ], [ 23.540134, -19.1590389 ], [ 23.5402196, -19.159104 ], [ 23.5403711, -19.1591726 ], [ 23.5405519, -19.1592077 ], [ 23.5406636, -19.1592025 ], [ 23.5407429, -19.1592331 ], [ 23.5408594, -19.1592464 ], [ 23.5412021, -19.159228 ], [ 23.5413534, -19.1591864 ], [ 23.5414981, -19.1591652 ], [ 23.5415717, -19.159233 ], [ 23.5417176, -19.1593506 ], [ 23.5417508, -19.1594244 ], [ 23.5418147, -19.1595284 ], [ 23.5418438, -19.1596702 ], [ 23.5418909, -19.1596837 ], [ 23.5419509, -19.1596854 ], [ 23.5419745, -19.1598691 ], [ 23.5419447, -19.1600053 ], [ 23.5421239, -19.1601651 ], [ 23.5423278, -19.1601958 ], [ 23.5425049, -19.160175 ], [ 23.5427177, -19.1601965 ], [ 23.5428467, -19.1601767 ], [ 23.5429553, -19.1601883 ], [ 23.5430306, -19.1603275 ], [ 23.5433449, -19.1605798 ], [ 23.5433837, -19.1606007 ], [ 23.5434159, -19.1606362 ], [ 23.5435146, -19.1607065 ], [ 23.5439591, -19.1607893 ], [ 23.5442182, -19.1609932 ], [ 23.5442537, -19.161103 ], [ 23.5442845, -19.1611524 ], [ 23.5443317, -19.1613897 ], [ 23.5447225, -19.1616359 ], [ 23.5448682, -19.1618001 ], [ 23.5450101, -19.1619257 ], [ 23.5450808, -19.1620051 ], [ 23.5451885, -19.1620907 ], [ 23.5452979, -19.1621239 ], [ 23.5456176, -19.1623409 ], [ 23.5457277, -19.1625617 ], [ 23.545806, -19.1626127 ], [ 23.5458473, -19.1627617 ], [ 23.5458864, -19.1628311 ], [ 23.545853, -19.1629461 ], [ 23.5458193, -19.1630262 ], [ 23.5457944, -19.1631578 ], [ 23.5457665, -19.1632505 ], [ 23.5457501, -19.163357 ], [ 23.54576, -19.1635429 ], [ 23.5458039, -19.1636533 ], [ 23.5458718, -19.1637509 ], [ 23.5459401, -19.1637919 ], [ 23.5459742, -19.1638191 ], [ 23.5459402, -19.1638429 ], [ 23.5458832, -19.1638648 ], [ 23.545737, -19.1640412 ], [ 23.5455407, -19.1641103 ], [ 23.5453534, -19.1641507 ], [ 23.5452927, -19.1641598 ], [ 23.5452624, -19.1643567 ], [ 23.5451784, -19.1644446 ], [ 23.5451449, -19.1645278 ], [ 23.5452148, -19.1648026 ], [ 23.5453398, -19.1649354 ], [ 23.5455293, -19.1650276 ], [ 23.5455898, -19.1651187 ], [ 23.5457006, -19.1652291 ], [ 23.5457965, -19.1652047 ], [ 23.5459065, -19.1652557 ], [ 23.5459407, -19.1652863 ], [ 23.545947, -19.1653709 ], [ 23.5459599, -19.1654535 ], [ 23.5459845, -19.1655659 ], [ 23.5462843, -19.1656553 ], [ 23.5464192, -19.1658168 ], [ 23.546577, -19.1659037 ], [ 23.5467593, -19.1660819 ], [ 23.5468285, -19.1661763 ], [ 23.5468495, -19.1662849 ], [ 23.5469831, -19.1663454 ], [ 23.5470526, -19.1664611 ], [ 23.5470851, -19.166533 ], [ 23.5471172, -19.1666304 ], [ 23.5472077, -19.166662 ], [ 23.5472642, -19.1666999 ], [ 23.5472758, -19.1667632 ], [ 23.5472716, -19.1668305 ], [ 23.5472778, -19.1668712 ], [ 23.5473775, -19.1670837 ], [ 23.5474214, -19.1672365 ], [ 23.5474402, -19.1672721 ], [ 23.5474924, -19.1672785 ], [ 23.5475872, -19.1672982 ], [ 23.5476411, -19.167342 ], [ 23.5477118, -19.1673695 ], [ 23.5477344, -19.1673942 ], [ 23.5476867, -19.1674313 ], [ 23.5476723, -19.1674818 ], [ 23.5477251, -19.1675712 ], [ 23.5477488, -19.1676485 ], [ 23.5479112, -19.1676624 ], [ 23.5480117, -19.1676923 ], [ 23.5481135, -19.1677537 ], [ 23.5484108, -19.1677367 ], [ 23.54853, -19.1677224 ], [ 23.5485819, -19.1677027 ], [ 23.548668, -19.1676888 ], [ 23.5487115, -19.1677005 ], [ 23.548809, -19.1677482 ], [ 23.5488781, -19.1678302 ], [ 23.5489713, -19.1679052 ], [ 23.5490889, -19.1679747 ], [ 23.5492022, -19.1680218 ], [ 23.5492522, -19.1680634 ], [ 23.5494543, -19.168141 ], [ 23.5496759, -19.1681155 ], [ 23.549946, -19.1680093 ], [ 23.5499937, -19.1679972 ], [ 23.5500829, -19.1678794 ], [ 23.5500987, -19.1678681 ], [ 23.5501363, -19.1678604 ], [ 23.550242, -19.1677755 ], [ 23.5503717, -19.1676149 ], [ 23.5504529, -19.167554 ], [ 23.5504948, -19.167509 ], [ 23.5505358, -19.1673784 ], [ 23.5506784, -19.1672541 ], [ 23.5508161, -19.1672289 ], [ 23.5509278, -19.1671848 ], [ 23.5510593, -19.1671257 ], [ 23.5511148, -19.1671353 ], [ 23.5511349, -19.167176 ], [ 23.5511849, -19.1672146 ], [ 23.551272, -19.1672577 ], [ 23.5513463, -19.1672766 ], [ 23.551535, -19.1672439 ], [ 23.5516247, -19.1672573 ], [ 23.5517042, -19.1673322 ], [ 23.551803, -19.1674079 ], [ 23.5518305, -19.1675461 ], [ 23.5518478, -19.1675723 ], [ 23.5519324, -19.1676065 ], [ 23.5519719, -19.1676146 ], [ 23.5520223, -19.1676338 ], [ 23.5520517, -19.1676626 ], [ 23.5520684, -19.167696 ], [ 23.5520793, -19.167807 ], [ 23.552099, -19.1678684 ], [ 23.5521264, -19.1679151 ], [ 23.5522044, -19.167983 ], [ 23.5522403, -19.1680243 ], [ 23.5523088, -19.1681524 ], [ 23.5523886, -19.1682538 ], [ 23.5524201, -19.1682813 ], [ 23.5525105, -19.1683446 ], [ 23.5525502, -19.1683894 ], [ 23.5526777, -19.1684216 ], [ 23.5527556, -19.1684629 ], [ 23.5527973, -19.1685848 ], [ 23.5529043, -19.1685946 ], [ 23.5530148, -19.1685719 ], [ 23.5531716, -19.1686141 ], [ 23.553292, -19.1685503 ], [ 23.5533523, -19.1685491 ], [ 23.5534102, -19.168556 ], [ 23.5534861, -19.1686398 ], [ 23.5535536, -19.1686599 ], [ 23.5538051, -19.1686556 ], [ 23.5540608, -19.1686183 ], [ 23.5543357, -19.1687479 ], [ 23.5544227, -19.1686961 ], [ 23.5544864, -19.1687104 ], [ 23.5546584, -19.1687228 ], [ 23.5548482, -19.1686904 ], [ 23.5550876, -19.1687414 ], [ 23.5552308, -19.1687315 ], [ 23.5554801, -19.1686911 ], [ 23.5557057, -19.1686617 ], [ 23.555858, -19.1686037 ], [ 23.5559946, -19.1685017 ], [ 23.556071, -19.1684618 ], [ 23.5561557, -19.1684656 ], [ 23.5562048, -19.1683895 ], [ 23.5562622, -19.1682532 ], [ 23.5564165, -19.168237 ], [ 23.5565554, -19.1681369 ], [ 23.5565952, -19.1680285 ], [ 23.5567894, -19.1679745 ], [ 23.5570662, -19.1680649 ], [ 23.5572481, -19.1681892 ], [ 23.5575968, -19.1685675 ], [ 23.5585221, -19.1687258 ], [ 23.5594795, -19.1697781 ], [ 23.5614431, -19.1704079 ], [ 23.5620956, -19.170532 ], [ 23.5623271, -19.1706176 ], [ 23.5627651, -19.170623 ], [ 23.563168, -19.1707949 ], [ 23.56321, -19.1709037 ], [ 23.5635195, -19.1709333 ], [ 23.5637847, -19.1707351 ], [ 23.56385, -19.170338 ], [ 23.5638764, -19.1703031 ], [ 23.5639974, -19.1700322 ], [ 23.5642118, -19.1699714 ], [ 23.564319, -19.1698882 ], [ 23.5643538, -19.1697692 ], [ 23.5645181, -19.1695207 ], [ 23.5647274, -19.1693607 ], [ 23.5649782, -19.1693094 ], [ 23.565192, -19.16919 ], [ 23.5653041, -19.1691731 ], [ 23.5654762, -19.1691954 ], [ 23.5655006, -19.169231 ], [ 23.565538, -19.1692475 ], [ 23.5656519, -19.1692364 ], [ 23.5657857, -19.1693945 ], [ 23.5658299, -19.1695676 ], [ 23.56589, -19.1696212 ], [ 23.5659699, -19.1696527 ], [ 23.5660346, -19.1697618 ], [ 23.5661238, -19.1698521 ], [ 23.5662798, -19.1698694 ], [ 23.5664367, -19.1699709 ], [ 23.5665152, -19.1700841 ], [ 23.5667438, -19.1702354 ], [ 23.5668246, -19.1703218 ], [ 23.5668625, -19.1703847 ], [ 23.5668867, -19.1704537 ], [ 23.5668747, -19.1705066 ], [ 23.566926, -19.1705544 ], [ 23.5669826, -19.1705246 ], [ 23.5671037, -19.1705746 ], [ 23.5672183, -19.1706271 ], [ 23.567304, -19.1706119 ], [ 23.5674108, -19.1705266 ], [ 23.5674332, -19.1705432 ], [ 23.567454, -19.1706161 ], [ 23.5675458, -19.1706983 ], [ 23.5676523, -19.1707556 ], [ 23.5677943, -19.1707604 ], [ 23.5678654, -19.1707691 ], [ 23.5679788, -19.1708139 ], [ 23.5684027, -19.1710055 ], [ 23.5684857, -19.1709934 ], [ 23.5685567, -19.1709939 ], [ 23.5686055, -19.1710591 ], [ 23.5688217, -19.1711084 ], [ 23.5688553, -19.1711553 ], [ 23.5689222, -19.1712181 ], [ 23.5690542, -19.1713031 ], [ 23.5693883, -19.1713851 ], [ 23.5695163, -19.1713586 ], [ 23.5698441, -19.1713717 ], [ 23.5700035, -19.1712988 ], [ 23.5701205, -19.1712961 ], [ 23.5701888, -19.1713005 ], [ 23.5702613, -19.1712849 ], [ 23.5703516, -19.1712893 ], [ 23.5704017, -19.171277 ], [ 23.5704863, -19.1711747 ], [ 23.5706245, -19.1711165 ], [ 23.5706406, -19.1710892 ], [ 23.5707445, -19.1710542 ], [ 23.5708532, -19.1709925 ], [ 23.5709173, -19.170897 ], [ 23.571009, -19.1707501 ], [ 23.5712081, -19.1707392 ], [ 23.5713129, -19.1705766 ], [ 23.571491, -19.1705516 ], [ 23.5716208, -19.1704923 ], [ 23.5717638, -19.1704827 ], [ 23.5718584, -19.1704238 ], [ 23.5719203, -19.1703185 ], [ 23.5719732, -19.1702026 ], [ 23.5720103, -19.1699806 ], [ 23.571971, -19.1696365 ], [ 23.5719669, -19.1692411 ], [ 23.5719932, -19.1691582 ], [ 23.5719804, -19.1690631 ], [ 23.5720306, -19.1686744 ], [ 23.572107, -19.1685305 ], [ 23.5721487, -19.1684274 ], [ 23.572217, -19.1683579 ], [ 23.5721832, -19.1681921 ], [ 23.5722448, -19.1680796 ], [ 23.5722355, -19.167984 ], [ 23.5722132, -19.1679087 ], [ 23.5722706, -19.1675987 ], [ 23.572253, -19.1674532 ], [ 23.5723248, -19.1671956 ], [ 23.5724193, -19.1670549 ], [ 23.5724553, -19.1669712 ], [ 23.5725307, -19.1668347 ], [ 23.572631, -19.1667559 ], [ 23.5726372, -19.1666545 ], [ 23.5725196, -19.1664814 ], [ 23.5724775, -19.1663222 ], [ 23.5725444, -19.1662062 ], [ 23.5725764, -19.1661677 ], [ 23.5725252, -19.1660135 ], [ 23.5725199, -19.1659422 ], [ 23.5726739, -19.1656158 ], [ 23.57275, -19.165591 ], [ 23.5728607, -19.1656431 ], [ 23.5729088, -19.1656288 ], [ 23.572939, -19.1655724 ], [ 23.573319, -19.1654593 ], [ 23.5734452, -19.1654768 ], [ 23.5734768, -19.1656122 ], [ 23.573662, -19.1655886 ], [ 23.5738155, -19.165632 ], [ 23.5739938, -19.1656963 ], [ 23.5742827, -19.1656749 ], [ 23.5743894, -19.1656429 ], [ 23.5745283, -19.1656675 ], [ 23.5745767, -19.165553 ], [ 23.574679, -19.1655607 ], [ 23.574725, -19.1653986 ], [ 23.5748198, -19.1653684 ], [ 23.5749485, -19.1652893 ], [ 23.5751337, -19.165283 ], [ 23.575208, -19.1653232 ], [ 23.5757053, -19.1653191 ], [ 23.5762125, -19.1652416 ], [ 23.5766347, -19.1650815 ], [ 23.5767844, -19.165042 ], [ 23.5772094, -19.1649776 ], [ 23.5780688, -19.1649872 ], [ 23.5793957, -19.1643589 ], [ 23.5794874, -19.164692 ], [ 23.579871, -19.1649214 ], [ 23.580112, -19.1650194 ], [ 23.5806831, -19.1656755 ], [ 23.5813403, -19.1658368 ], [ 23.5819537, -19.1658384 ], [ 23.5825134, -19.1659265 ], [ 23.5826136, -19.1658762 ], [ 23.5827458, -19.1656149 ], [ 23.5830138, -19.1654215 ], [ 23.5834444, -19.1655968 ], [ 23.5836948, -19.165705 ], [ 23.5838921, -19.1659277 ], [ 23.5850871, -19.1660178 ], [ 23.5853937, -19.1662114 ], [ 23.5857642, -19.1663531 ], [ 23.5859144, -19.1665194 ], [ 23.5861528, -19.1666192 ], [ 23.5864262, -19.1669128 ], [ 23.5864095, -19.1673352 ], [ 23.5864587, -19.1674592 ], [ 23.5865247, -19.1674796 ], [ 23.5868063, -19.1673164 ], [ 23.5869845, -19.1673879 ], [ 23.5871219, -19.1675039 ], [ 23.5872119, -19.1675926 ], [ 23.5873296, -19.1676121 ], [ 23.5874314, -19.1675829 ], [ 23.5875552, -19.1675772 ], [ 23.5880214, -19.1676908 ], [ 23.5884661, -19.1679084 ], [ 23.5887685, -19.1683005 ], [ 23.5889692, -19.1683258 ], [ 23.5891095, -19.1683034 ], [ 23.5893138, -19.168159 ], [ 23.5893611, -19.1681375 ], [ 23.5893951, -19.1679777 ], [ 23.5894555, -19.1679299 ], [ 23.5895926, -19.1678916 ], [ 23.5897758, -19.1678058 ], [ 23.5899893, -19.1677507 ], [ 23.5902366, -19.1675981 ], [ 23.5903204, -19.1673712 ], [ 23.5905854, -19.1671286 ], [ 23.5905849, -19.166907 ], [ 23.5908202, -19.1667113 ], [ 23.5910155, -19.1667038 ], [ 23.5910649, -19.166525 ], [ 23.5912305, -19.1663058 ], [ 23.5915966, -19.1662887 ], [ 23.5917096, -19.1664735 ], [ 23.5920918, -19.1667983 ], [ 23.592108, -19.167006 ], [ 23.5921369, -19.1670745 ], [ 23.5923466, -19.1671005 ], [ 23.5925421, -19.1673172 ], [ 23.5929503, -19.1674347 ], [ 23.593193, -19.1676151 ], [ 23.5933043, -19.1677122 ], [ 23.5935905, -19.1677878 ], [ 23.593719, -19.1677375 ], [ 23.594631, -19.167322 ], [ 23.5947011, -19.1671659 ], [ 23.5946212, -19.1670617 ], [ 23.5946173, -19.1669582 ], [ 23.5947584, -19.1667657 ], [ 23.594725, -19.166537 ], [ 23.5947704, -19.1663181 ], [ 23.5947075, -19.1660914 ], [ 23.5947876, -19.1660222 ], [ 23.5947924, -19.1657822 ], [ 23.5948773, -19.1655625 ], [ 23.5950827, -19.1655723 ], [ 23.5954187, -19.165697 ], [ 23.5956014, -19.1658837 ], [ 23.5959088, -19.1659391 ], [ 23.5960544, -19.1660216 ], [ 23.5963229, -19.1665331 ], [ 23.5966042, -19.1666355 ], [ 23.5966966, -19.1667461 ], [ 23.5968683, -19.1668458 ], [ 23.5969471, -19.1669941 ], [ 23.59708, -19.1670878 ], [ 23.5971313, -19.167257 ], [ 23.597351, -19.1675866 ], [ 23.5976008, -19.1678022 ], [ 23.5977423, -19.1678287 ], [ 23.5978619, -19.1678328 ], [ 23.5980361, -19.1680916 ], [ 23.5983484, -19.1681434 ], [ 23.5988383, -19.1682728 ], [ 23.59895, -19.1683592 ], [ 23.5994082, -19.1684203 ], [ 23.5995463, -19.1684052 ], [ 23.5997377, -19.1683188 ], [ 23.5999712, -19.1683813 ], [ 23.6001017, -19.1683312 ], [ 23.6003108, -19.1683822 ], [ 23.6004069, -19.1683431 ], [ 23.6004931, -19.1682682 ], [ 23.6005812, -19.1682719 ], [ 23.6007911, -19.1686345 ], [ 23.6009522, -19.1686961 ], [ 23.6011257, -19.1689638 ], [ 23.6012714, -19.1690903 ], [ 23.6016057, -19.1691506 ], [ 23.6020518, -19.1691857 ], [ 23.602169, -19.169138 ], [ 23.6022522, -19.1691755 ], [ 23.6022919, -19.1694525 ], [ 23.6024954, -19.1695099 ], [ 23.6027167, -19.1694639 ], [ 23.6029039, -19.1695816 ], [ 23.6031796, -19.169517 ], [ 23.6032868, -19.1694137 ], [ 23.6038148, -19.1692677 ], [ 23.6041603, -19.1693291 ], [ 23.6044743, -19.1695532 ], [ 23.6050326, -19.1695369 ], [ 23.6052112, -19.1695531 ], [ 23.6053624, -19.1694976 ], [ 23.6055423, -19.1695108 ], [ 23.6056387, -19.169592 ], [ 23.6056072, -19.1698376 ], [ 23.6055612, -19.1700544 ], [ 23.6055876, -19.1701459 ], [ 23.6056797, -19.1701915 ], [ 23.6056994, -19.1702915 ], [ 23.6059068, -19.1704088 ], [ 23.6059756, -19.1704001 ], [ 23.6060506, -19.170365 ], [ 23.6061845, -19.1704087 ], [ 23.6062616, -19.1705479 ], [ 23.6066169, -19.1707297 ], [ 23.6067341, -19.1706678 ], [ 23.6068698, -19.1706714 ], [ 23.6070649, -19.1705822 ], [ 23.6073809, -19.1705588 ], [ 23.6075241, -19.1707063 ], [ 23.6075519, -19.1708814 ], [ 23.607658, -19.1711383 ], [ 23.6076409, -19.1713238 ], [ 23.607806, -19.1716999 ], [ 23.6078884, -19.1717191 ], [ 23.6079675, -19.171783 ], [ 23.6081643, -19.1717702 ], [ 23.6086229, -19.1718251 ], [ 23.6087421, -19.171897 ], [ 23.6089307, -19.1717176 ], [ 23.6091283, -19.1715826 ], [ 23.6094881, -19.1716137 ], [ 23.6101564, -19.171492 ], [ 23.610615, -19.1709951 ], [ 23.6107567, -19.1707073 ], [ 23.6109175, -19.1706222 ], [ 23.6110508, -19.1704893 ], [ 23.6112428, -19.1705634 ], [ 23.6114204, -19.1706764 ], [ 23.6115033, -19.1708008 ], [ 23.6115476, -19.1709498 ], [ 23.6117217, -19.1710699 ], [ 23.6118441, -19.1710271 ], [ 23.6119172, -19.17089 ], [ 23.6120573, -19.1708147 ], [ 23.6122195, -19.1708204 ], [ 23.6123279, -19.1708699 ], [ 23.6125183, -19.170911 ], [ 23.6131558, -19.1705744 ], [ 23.6132247, -19.1705452 ], [ 23.6135036, -19.1702696 ], [ 23.613755, -19.1696648 ], [ 23.6138396, -19.169517 ], [ 23.613902, -19.1694307 ], [ 23.6139632, -19.1693834 ], [ 23.6141147, -19.1692231 ], [ 23.6145978, -19.169259 ], [ 23.6146834, -19.1694616 ], [ 23.6147867, -19.1694848 ], [ 23.6149284, -19.1694113 ], [ 23.6154283, -19.1693895 ], [ 23.6156373, -19.169282 ], [ 23.6157779, -19.1690606 ], [ 23.6160334, -19.1686882 ], [ 23.6162725, -19.1684194 ], [ 23.6164046, -19.1683334 ], [ 23.6165721, -19.1681823 ], [ 23.616557, -19.1680306 ], [ 23.6166024, -19.1679578 ], [ 23.6166355, -19.1678851 ], [ 23.6165923, -19.1676635 ], [ 23.6164753, -19.1673349 ], [ 23.6165681, -19.1668248 ], [ 23.6161605, -19.1665113 ], [ 23.616046, -19.16608 ], [ 23.6159922, -19.1659798 ], [ 23.6159724, -19.1658861 ], [ 23.615764, -19.165678 ], [ 23.6156607, -19.1655324 ], [ 23.6157096, -19.1653619 ], [ 23.6156991, -19.1651214 ], [ 23.6157008, -19.1648809 ], [ 23.6157735, -19.1646348 ], [ 23.6159156, -19.1645064 ], [ 23.615951, -19.1644285 ], [ 23.6159571, -19.164237 ], [ 23.6160249, -19.163976 ], [ 23.6160144, -19.1637856 ], [ 23.6160687, -19.1636285 ], [ 23.6160767, -19.1630787 ], [ 23.6161233, -19.1627951 ], [ 23.6162611, -19.1627885 ], [ 23.6163901, -19.162715 ], [ 23.616655, -19.1626757 ], [ 23.6169715, -19.1626047 ], [ 23.6171696, -19.1624785 ], [ 23.6172175, -19.1623365 ], [ 23.6173255, -19.1618275 ], [ 23.6175724, -19.1615946 ], [ 23.6180208, -19.1618388 ], [ 23.6185018, -19.1621642 ], [ 23.6188466, -19.162519 ], [ 23.6190397, -19.1628174 ], [ 23.6194, -19.1629919 ], [ 23.61957, -19.1628546 ], [ 23.6199088, -19.1627672 ], [ 23.620354, -19.1626102 ], [ 23.6207886, -19.1626203 ], [ 23.6212284, -19.1629243 ], [ 23.6210957, -19.1632157 ], [ 23.6208687, -19.1633921 ], [ 23.6209121, -19.1635129 ], [ 23.620993, -19.1636043 ], [ 23.6209517, -19.1637242 ], [ 23.6208763, -19.1638122 ], [ 23.620933, -19.1639699 ], [ 23.6209545, -19.1641101 ], [ 23.6210456, -19.1641824 ], [ 23.6210675, -19.164279 ], [ 23.6210389, -19.1643885 ], [ 23.6211438, -19.1646399 ], [ 23.621361, -19.1647075 ], [ 23.6215426, -19.1646582 ], [ 23.6217129, -19.1648912 ], [ 23.6218648, -19.1649485 ], [ 23.6219517, -19.1650978 ], [ 23.6220751, -19.1651852 ], [ 23.6220615, -19.1653102 ], [ 23.6224237, -19.1655443 ], [ 23.6226122, -19.1656706 ], [ 23.6227991, -19.1656709 ], [ 23.6229582, -19.1655856 ], [ 23.623433, -19.1655531 ], [ 23.6236101, -19.1654106 ], [ 23.6237398, -19.1654388 ], [ 23.6239012, -19.165611 ], [ 23.6243276, -19.1658239 ], [ 23.6247463, -19.1657091 ], [ 23.6248008, -19.1655081 ], [ 23.62491, -19.1653732 ], [ 23.6251293, -19.1653157 ], [ 23.6253288, -19.1651378 ], [ 23.62622, -19.1652704 ], [ 23.6266244, -19.1655403 ], [ 23.6271204, -19.1658374 ], [ 23.6272216, -19.1660334 ], [ 23.6274929, -19.1662695 ], [ 23.6284081, -19.1668751 ], [ 23.62925, -19.1670014 ], [ 23.6295706, -19.1668012 ], [ 23.6300385, -19.1667601 ], [ 23.6302917, -19.1668893 ], [ 23.6303366, -19.167254 ], [ 23.6305878, -19.1674107 ], [ 23.6307294, -19.1675849 ], [ 23.6309131, -19.16764 ], [ 23.6311959, -19.1678643 ], [ 23.6313883, -19.1679287 ], [ 23.6315341, -19.1679005 ], [ 23.6318045, -19.1679493 ], [ 23.6320024, -19.1678991 ], [ 23.6320325, -19.1678387 ], [ 23.6320691, -19.1674253 ], [ 23.6321659, -19.1671878 ], [ 23.6330409, -19.1673283 ], [ 23.6332687, -19.1673855 ], [ 23.6334746, -19.1675631 ], [ 23.6337049, -19.1675571 ], [ 23.6341661, -19.1675595 ], [ 23.6343323, -19.1674137 ], [ 23.6344095, -19.1672895 ], [ 23.6346979, -19.1671361 ], [ 23.634827, -19.1667342 ], [ 23.6411426, -19.1687417 ], [ 23.6514913, -19.1720313 ], [ 23.6610154, -19.1709927 ], [ 23.6610847, -19.1708733 ], [ 23.6610897, -19.1706641 ], [ 23.6611564, -19.1705882 ], [ 23.6612993, -19.1703463 ], [ 23.6610767, -19.1701512 ], [ 23.6609641, -19.1701056 ], [ 23.6608225, -19.1698928 ], [ 23.6609468, -19.1697427 ], [ 23.6611269, -19.1696003 ], [ 23.6612108, -19.1695383 ], [ 23.661361, -19.169485 ], [ 23.6614549, -19.1695559 ], [ 23.6617553, -19.1697129 ], [ 23.6622971, -19.1698447 ], [ 23.6624285, -19.1700714 ], [ 23.6627202, -19.170141 ], [ 23.6635168, -19.1702107 ], [ 23.6638224, -19.1700938 ], [ 23.6642229, -19.1700625 ], [ 23.6645326, -19.1701463 ], [ 23.6646327, -19.1701272 ], [ 23.6646836, -19.1700349 ], [ 23.6647111, -19.1698852 ], [ 23.6646091, -19.1697344 ], [ 23.6645168, -19.1695959 ], [ 23.664484, -19.1693115 ], [ 23.6644167, -19.1691241 ], [ 23.664375, -19.1689498 ], [ 23.6644423, -19.1688293 ], [ 23.6645609, -19.1687705 ], [ 23.6649686, -19.1687147 ], [ 23.6651413, -19.1688351 ], [ 23.6652489, -19.1689731 ], [ 23.6652958, -19.1690846 ], [ 23.665446, -19.169338 ], [ 23.6661112, -19.1696369 ], [ 23.6662507, -19.1698447 ], [ 23.6663609, -19.1700602 ], [ 23.6665313, -19.1701845 ], [ 23.6666515, -19.1701269 ], [ 23.6666852, -19.1699717 ], [ 23.666751, -19.1698368 ], [ 23.6668729, -19.1697636 ], [ 23.6670768, -19.1698447 ], [ 23.6674098, -19.1697127 ], [ 23.6680086, -19.1697 ], [ 23.6683267, -19.1694545 ], [ 23.668611, -19.1694494 ], [ 23.669244, -19.1694951 ], [ 23.6695712, -19.1696167 ], [ 23.6699146, -19.1699004 ], [ 23.6701505, -19.1699965 ], [ 23.6716892, -19.1698287 ], [ 23.6717707, -19.169718 ], [ 23.6719423, -19.1696927 ], [ 23.6721138, -19.1698981 ], [ 23.6722033, -19.1700602 ], [ 23.6723675, -19.1701186 ], [ 23.6726486, -19.1700969 ], [ 23.6727117, -19.170295 ], [ 23.6726893, -19.1704421 ], [ 23.6727625, -19.1706297 ], [ 23.6729044, -19.1707273 ], [ 23.6732351, -19.1708986 ], [ 23.6734497, -19.1711165 ], [ 23.673516, -19.171195 ], [ 23.6735848, -19.1713706 ], [ 23.6737809, -19.171503 ], [ 23.6740774, -19.1714053 ], [ 23.6745827, -19.1713321 ], [ 23.6746889, -19.1712938 ], [ 23.6749571, -19.1711722 ], [ 23.6754614, -19.1711469 ], [ 23.675791, -19.171235 ], [ 23.6762589, -19.1712943 ], [ 23.6762775, -19.1714564 ], [ 23.6761556, -19.1717536 ], [ 23.6761388, -19.1719765 ], [ 23.676207, -19.1722008 ], [ 23.6760647, -19.1724914 ], [ 23.6759271, -19.1727009 ], [ 23.6758455, -19.172802 ], [ 23.6759306, -19.1731639 ], [ 23.6757528, -19.1733796 ], [ 23.6758262, -19.1738374 ], [ 23.6756737, -19.1739306 ], [ 23.6755372, -19.1739603 ], [ 23.6754656, -19.1741382 ], [ 23.6753995, -19.174423 ], [ 23.6755792, -19.1747326 ], [ 23.6755365, -19.1748862 ], [ 23.6754943, -19.1749942 ], [ 23.6755901, -19.1750788 ], [ 23.6754667, -19.1753321 ], [ 23.6754581, -19.1754644 ], [ 23.6756706, -19.1756614 ], [ 23.6756948, -19.1758688 ], [ 23.6757353, -19.1760665 ], [ 23.676089, -19.1762036 ], [ 23.6764184, -19.1764204 ], [ 23.6766479, -19.1764796 ], [ 23.6768563, -19.1763996 ], [ 23.6771123, -19.1763505 ], [ 23.6777387, -19.1768325 ], [ 23.6778615, -19.177069 ], [ 23.6779695, -19.1771464 ], [ 23.6782067, -19.17737 ], [ 23.678208, -19.1775463 ], [ 23.6779558, -19.1775665 ], [ 23.6777899, -19.1776812 ], [ 23.6776729, -19.1780252 ], [ 23.6777625, -19.1780997 ], [ 23.6780137, -19.1781992 ], [ 23.6783152, -19.1783823 ], [ 23.6783827, -19.1785325 ], [ 23.678393, -19.1790369 ], [ 23.6785056, -19.1792786 ], [ 23.678522, -19.1794879 ], [ 23.6786894, -19.1797561 ], [ 23.6787712, -19.1800087 ], [ 23.678898, -19.1801756 ], [ 23.6791345, -19.1803261 ], [ 23.6793357, -19.1803914 ], [ 23.6795866, -19.1803785 ], [ 23.6799603, -19.180397 ], [ 23.680402, -19.18049 ], [ 23.6806609, -19.180675 ], [ 23.6808752, -19.1808695 ], [ 23.6808666, -19.1811626 ], [ 23.6809746, -19.1812857 ], [ 23.6811985, -19.1812937 ], [ 23.6815961, -19.1812167 ], [ 23.6817652, -19.1812826 ], [ 23.6819433, -19.1813277 ], [ 23.6820328, -19.1813007 ], [ 23.6821293, -19.1808092 ], [ 23.68236, -19.1806623 ], [ 23.6825102, -19.1806686 ], [ 23.6826961, -19.1808752 ], [ 23.683111, -19.1809891 ], [ 23.6832867, -19.1811436 ], [ 23.6836127, -19.1812589 ], [ 23.6839962, -19.1812247 ], [ 23.6842571, -19.1814301 ], [ 23.6844566, -19.1815435 ], [ 23.6847389, -19.1815643 ], [ 23.6848493, -19.1816875 ], [ 23.6849806, -19.1816754 ], [ 23.6852351, -19.1813262 ], [ 23.6853298, -19.181188 ], [ 23.6855478, -19.181155 ], [ 23.6857517, -19.1811068 ], [ 23.6860317, -19.1811736 ], [ 23.6861299, -19.1810739 ], [ 23.6862841, -19.1811018 ], [ 23.6864101, -19.1812253 ], [ 23.6866582, -19.1812664 ], [ 23.6867414, -19.1813843 ], [ 23.687019, -19.1814261 ], [ 23.6872202, -19.1814729 ], [ 23.687431, -19.1814725 ], [ 23.6876125, -19.1815825 ], [ 23.6877405, -19.1815958 ], [ 23.6878746, -19.1815489 ], [ 23.688104, -19.1816743 ], [ 23.6885358, -19.1817275 ], [ 23.688851, -19.1819745 ], [ 23.689137, -19.1821092 ], [ 23.689243, -19.1821378 ], [ 23.6893857, -19.1821964 ], [ 23.6894753, -19.1823016 ], [ 23.6895326, -19.1823922 ], [ 23.6895802, -19.1824428 ], [ 23.6897254, -19.1824608 ], [ 23.689873, -19.1823787 ], [ 23.6899694, -19.1823034 ], [ 23.69012, -19.1821711 ], [ 23.6902114, -19.1821612 ], [ 23.6903068, -19.1819474 ], [ 23.6902536, -19.1817777 ], [ 23.6900909, -19.1816375 ], [ 23.6899808, -19.181329 ], [ 23.6899578, -19.1811603 ], [ 23.6901521, -19.1810908 ], [ 23.6902428, -19.1809525 ], [ 23.6902145, -19.1807915 ], [ 23.6902488, -19.180649 ], [ 23.690309, -19.1805894 ], [ 23.6903964, -19.1805848 ], [ 23.6904889, -19.1806235 ], [ 23.6906403, -19.1806711 ], [ 23.6908145, -19.1806955 ], [ 23.6909558, -19.1806041 ], [ 23.6910948, -19.1804517 ], [ 23.6911487, -19.1802768 ], [ 23.6910881, -19.1800892 ], [ 23.6910591, -19.1799455 ], [ 23.6911626, -19.1798342 ], [ 23.6913376, -19.1797853 ], [ 23.6914546, -19.1796884 ], [ 23.6914214, -19.1795009 ], [ 23.6914556, -19.179353 ], [ 23.6916289, -19.1793068 ], [ 23.6917931, -19.17924 ], [ 23.6918306, -19.1788524 ], [ 23.6919913, -19.178812 ], [ 23.6921351, -19.1785883 ], [ 23.6922664, -19.1784547 ], [ 23.6923336, -19.1783465 ], [ 23.6924952, -19.1782787 ], [ 23.6926267, -19.1781176 ], [ 23.6926974, -19.1778537 ], [ 23.6927563, -19.1775842 ], [ 23.6927423, -19.1773959 ], [ 23.6927707, -19.1771066 ], [ 23.6930458, -19.176926 ], [ 23.6934211, -19.1766975 ], [ 23.693499, -19.1766783 ], [ 23.693628, -19.1767344 ], [ 23.6937396, -19.1768632 ], [ 23.6939059, -19.176933 ], [ 23.6940074, -19.1768676 ], [ 23.694109, -19.1766408 ], [ 23.6942337, -19.1764446 ], [ 23.6943564, -19.1763488 ], [ 23.6944758, -19.1763052 ], [ 23.6945846, -19.1763836 ], [ 23.6946525, -19.1764543 ], [ 23.6947708, -19.1764571 ], [ 23.6947969, -19.1763705 ], [ 23.6949678, -19.1761132 ], [ 23.6953863, -19.1757954 ], [ 23.6955117, -19.1756855 ], [ 23.6960221, -19.1755163 ], [ 23.6962101, -19.1751781 ], [ 23.6962733, -19.1750176 ], [ 23.696323, -19.1747214 ], [ 23.6962317, -19.1744651 ], [ 23.6961677, -19.1742147 ], [ 23.6962058, -19.1739974 ], [ 23.6962551, -19.1738458 ], [ 23.6963333, -19.1736369 ], [ 23.696409, -19.1734771 ], [ 23.6965003, -19.1733379 ], [ 23.696641, -19.1731614 ], [ 23.6969765, -19.173068 ], [ 23.6979141, -19.1729536 ], [ 23.6981857, -19.1729727 ], [ 23.6984755, -19.1730891 ], [ 23.6988649, -19.1734253 ], [ 23.6990732, -19.1735227 ], [ 23.6994094, -19.1735314 ], [ 23.6999351, -19.1734366 ], [ 23.7000883, -19.1733009 ], [ 23.7002928, -19.173108 ], [ 23.7004681, -19.1730412 ], [ 23.7007291, -19.1730235 ], [ 23.7008271, -19.1729505 ], [ 23.7009685, -19.1727925 ], [ 23.7011347, -19.1726913 ], [ 23.7013529, -19.172434 ], [ 23.7016264, -19.1722205 ], [ 23.7017433, -19.1720532 ], [ 23.7017466, -19.1718965 ], [ 23.7018441, -19.1717339 ], [ 23.7019303, -19.1716924 ], [ 23.7019838, -19.1714998 ], [ 23.7019809, -19.1712924 ], [ 23.7019168, -19.1711531 ], [ 23.7018337, -19.1708711 ], [ 23.7018325, -19.1705731 ], [ 23.7019017, -19.1702016 ], [ 23.7021817, -19.1698913 ], [ 23.702493, -19.1696625 ], [ 23.7028958, -19.1696327 ], [ 23.7044193, -19.1687004 ], [ 23.7052374, -19.1688068 ], [ 23.7057615, -19.1685615 ], [ 23.7061789, -19.1678897 ], [ 23.7070414, -19.1670319 ], [ 23.70724, -19.1667842 ], [ 23.7073189, -19.1665004 ], [ 23.7075771, -19.1662739 ], [ 23.7079365, -19.1661495 ], [ 23.7085851, -19.1661532 ], [ 23.7090144, -19.1661486 ], [ 23.709978, -19.1659148 ], [ 23.7100376, -19.1659958 ], [ 23.7101104, -19.1661948 ], [ 23.7102254, -19.1664021 ], [ 23.7102493, -19.1666103 ], [ 23.7103009, -19.1667486 ], [ 23.7103946, -19.1668605 ], [ 23.7106135, -19.1669463 ], [ 23.7108487, -19.1669638 ], [ 23.7110188, -19.1668836 ], [ 23.7111329, -19.1667681 ], [ 23.7113502, -19.1665114 ], [ 23.7115658, -19.1663021 ], [ 23.7117004, -19.1663377 ], [ 23.7118775, -19.1664722 ], [ 23.712069, -19.1664959 ], [ 23.7122862, -19.1665881 ], [ 23.7124162, -19.1666865 ], [ 23.7125481, -19.1668017 ], [ 23.7126643, -19.1669742 ], [ 23.7127831, -19.1670771 ], [ 23.7129905, -19.1672159 ], [ 23.7131852, -19.167373 ], [ 23.7133671, -19.1674169 ], [ 23.7135723, -19.1673527 ], [ 23.713711, -19.1674934 ], [ 23.713918, -19.1676446 ], [ 23.7141208, -19.1676845 ], [ 23.7143954, -19.1676251 ], [ 23.714511, -19.1675342 ], [ 23.7145736, -19.1673987 ], [ 23.7145474, -19.1672411 ], [ 23.7144409, -19.1669869 ], [ 23.7143247, -19.1665164 ], [ 23.7142651, -19.1663094 ], [ 23.7142462, -19.1661516 ], [ 23.7142288, -19.1660263 ], [ 23.7142973, -19.1659211 ], [ 23.7144009, -19.1658689 ], [ 23.7144841, -19.1658404 ], [ 23.7145965, -19.1658546 ], [ 23.7146881, -19.1658908 ], [ 23.7148076, -19.1659205 ], [ 23.7149295, -19.1658951 ], [ 23.7150484, -19.1658255 ], [ 23.7152352, -19.165533 ], [ 23.7153605, -19.1654925 ], [ 23.7154524, -19.1655792 ], [ 23.7156029, -19.1657358 ], [ 23.7157711, -19.1657343 ], [ 23.7160459, -19.1654445 ], [ 23.7163609, -19.1651275 ], [ 23.7165629, -19.1650372 ], [ 23.716656, -19.1651099 ], [ 23.7167681, -19.1653583 ], [ 23.7168983, -19.1656452 ], [ 23.7170269, -19.1657109 ], [ 23.7178117, -19.1657732 ], [ 23.71872, -19.165909 ], [ 23.7188567, -19.1658893 ], [ 23.7192459, -19.1655818 ], [ 23.7193326, -19.1655389 ], [ 23.7194357, -19.1655392 ], [ 23.7195337, -19.1656165 ], [ 23.719603, -19.165703 ], [ 23.719707, -19.1659056 ], [ 23.7197082, -19.1661087 ], [ 23.7196887, -19.1662518 ], [ 23.7196535, -19.166397 ], [ 23.7195138, -19.1665054 ], [ 23.7193608, -19.166693 ], [ 23.7192484, -19.1667615 ], [ 23.7191673, -19.1667968 ], [ 23.7191468, -19.1668807 ], [ 23.719204, -19.1670426 ], [ 23.7192748, -19.167167 ], [ 23.7193859, -19.1672651 ], [ 23.7195379, -19.1673086 ], [ 23.7197076, -19.1672753 ], [ 23.7198602, -19.167262 ], [ 23.7200199, -19.1672928 ], [ 23.7202091, -19.1673754 ], [ 23.720401, -19.1674966 ], [ 23.7205419, -19.1675502 ], [ 23.7207306, -19.1675654 ], [ 23.7210482, -19.1674281 ], [ 23.7211705, -19.1674341 ], [ 23.7212367, -19.1675027 ], [ 23.721373, -19.1674668 ], [ 23.7214648, -19.1673719 ], [ 23.7218058, -19.167166 ], [ 23.7219569, -19.1670357 ], [ 23.72207, -19.166886 ], [ 23.7222347, -19.1667228 ], [ 23.7222024, -19.166405 ], [ 23.7224978, -19.1660406 ], [ 23.7226564, -19.1659135 ], [ 23.7228217, -19.1658373 ], [ 23.7230098, -19.1657952 ], [ 23.7232759, -19.1657597 ], [ 23.7235478, -19.1657764 ], [ 23.7237978, -19.1657076 ], [ 23.7240131, -19.1655114 ], [ 23.7241833, -19.1653994 ], [ 23.7243535, -19.1653359 ], [ 23.7244975, -19.1651151 ], [ 23.7246895, -19.1649703 ], [ 23.7248396, -19.1648607 ], [ 23.7249836, -19.1645435 ], [ 23.7249941, -19.1643369 ], [ 23.72514, -19.1640795 ], [ 23.7253717, -19.1639744 ], [ 23.725798, -19.1639711 ], [ 23.7259739, -19.1640412 ], [ 23.7261083, -19.1641253 ], [ 23.7263116, -19.1642004 ], [ 23.7266023, -19.1643061 ], [ 23.726968, -19.164603 ], [ 23.7271622, -19.1647523 ], [ 23.7273567, -19.1648693 ], [ 23.7274824, -19.1649796 ], [ 23.7276074, -19.165146 ], [ 23.7277311, -19.1653332 ], [ 23.727924, -19.1654736 ], [ 23.7285897, -19.1661327 ], [ 23.7286337, -19.1663138 ], [ 23.7287109, -19.1664681 ], [ 23.7287817, -19.1665557 ], [ 23.7290715, -19.1667759 ], [ 23.7292625, -19.1669389 ], [ 23.7295261, -19.1671196 ], [ 23.7298225, -19.1672694 ], [ 23.7303117, -19.1674638 ], [ 23.7312162, -19.1673834 ], [ 23.7315574, -19.1674004 ], [ 23.7319555, -19.1675015 ], [ 23.7321436, -19.167627 ], [ 23.7322908, -19.1677769 ], [ 23.7324384, -19.1678997 ], [ 23.7327116, -19.1680015 ], [ 23.7330153, -19.1681383 ], [ 23.7331611, -19.1682481 ], [ 23.7332653, -19.1683626 ], [ 23.7333492, -19.1684958 ], [ 23.7334526, -19.1686981 ], [ 23.7335418, -19.1688354 ], [ 23.7336835, -19.1689359 ], [ 23.7338468, -19.1689832 ], [ 23.7340217, -19.1690107 ], [ 23.7341686, -19.1690031 ], [ 23.7342852, -19.1689535 ], [ 23.7344549, -19.1687479 ], [ 23.7346, -19.1686379 ], [ 23.7348049, -19.168535 ], [ 23.7351225, -19.1682625 ], [ 23.7354272, -19.1681323 ], [ 23.735651, -19.1681002 ], [ 23.7357663, -19.1681338 ], [ 23.7359511, -19.168282 ], [ 23.7359894, -19.168324 ], [ 23.7360371, -19.1684013 ], [ 23.7361581, -19.1684983 ], [ 23.7362236, -19.1685604 ], [ 23.7362009, -19.1686706 ], [ 23.7363225, -19.1687486 ], [ 23.7364252, -19.1687612 ], [ 23.7365071, -19.16881 ], [ 23.736581, -19.1689094 ], [ 23.736704, -19.1689942 ], [ 23.7368603, -19.1690707 ], [ 23.7370539, -19.1691443 ], [ 23.7372465, -19.1691346 ], [ 23.737387, -19.1691533 ], [ 23.7374915, -19.1692022 ], [ 23.7375811, -19.169271 ], [ 23.7377971, -19.1692753 ], [ 23.7379965, -19.1692553 ], [ 23.7381791, -19.1693146 ], [ 23.7383219, -19.1694335 ], [ 23.7386704, -19.1696932 ], [ 23.7387697, -19.16978 ], [ 23.7389098, -19.1701027 ], [ 23.739052, -19.1702077 ], [ 23.7392229, -19.1704317 ], [ 23.739355, -19.170587 ], [ 23.7395123, -19.1707172 ], [ 23.7396582, -19.170784 ], [ 23.7398406, -19.1708573 ], [ 23.7400149, -19.1708654 ], [ 23.7408739, -19.1708139 ], [ 23.741024, -19.1707906 ], [ 23.741362, -19.1708567 ], [ 23.7415706, -19.1708913 ], [ 23.7420507, -19.1710843 ], [ 23.7422052, -19.1711183 ], [ 23.7423333, -19.1711178 ], [ 23.7424289, -19.171098 ], [ 23.7425649, -19.171076 ], [ 23.7427615, -19.170987 ], [ 23.7428509, -19.1709661 ], [ 23.7430229, -19.1709588 ], [ 23.7431477, -19.1709278 ], [ 23.7432472, -19.1708631 ], [ 23.7432628, -19.1707513 ], [ 23.7432847, -19.1706568 ], [ 23.7433731, -19.1706099 ], [ 23.7434718, -19.1706043 ], [ 23.7436171, -19.1706154 ], [ 23.7438101, -19.1706614 ], [ 23.7442662, -19.1707677 ], [ 23.7448, -19.1708411 ], [ 23.7454679, -19.1706664 ], [ 23.7462049, -19.1702564 ], [ 23.7464388, -19.1701253 ], [ 23.7469165, -19.1700489 ], [ 23.7470631, -19.1699743 ], [ 23.7471607, -19.1699335 ], [ 23.7475916, -19.1700208 ], [ 23.7478928, -19.1701328 ], [ 23.748098, -19.1702335 ], [ 23.7481439, -19.170305 ], [ 23.7484338, -19.1703983 ], [ 23.7486542, -19.1705258 ], [ 23.7488356, -19.1707348 ], [ 23.7491628, -19.1711639 ], [ 23.7494662, -19.1714868 ], [ 23.7498929, -19.171625 ], [ 23.7506574, -19.1717689 ], [ 23.7517437, -19.1718135 ], [ 23.7520139, -19.1717821 ], [ 23.7520768, -19.1717405 ], [ 23.7522096, -19.1716723 ], [ 23.7523772, -19.1714365 ], [ 23.7524062, -19.1712049 ], [ 23.7523973, -19.1710885 ], [ 23.7522869, -19.1709549 ], [ 23.7513773, -19.1703763 ], [ 23.7512709, -19.1702762 ], [ 23.7512412, -19.1701845 ], [ 23.7512216, -19.1700894 ], [ 23.7510329, -19.1697771 ], [ 23.7509859, -19.1695374 ], [ 23.7509913, -19.1694397 ], [ 23.7510422, -19.1693648 ], [ 23.7511174, -19.1693261 ], [ 23.751264, -19.169144 ], [ 23.751338, -19.1690422 ], [ 23.751381, -19.1689364 ], [ 23.7514322, -19.168881 ], [ 23.7515444, -19.1688245 ], [ 23.7516918, -19.1687988 ], [ 23.7518711, -19.1688379 ], [ 23.7519546, -19.1687953 ], [ 23.7520274, -19.1687391 ], [ 23.7521188, -19.1687092 ], [ 23.7522432, -19.1687277 ], [ 23.7525403, -19.1687803 ], [ 23.7526989, -19.1688029 ], [ 23.7528772, -19.168862 ], [ 23.7530639, -19.1689639 ], [ 23.7532547, -19.1690302 ], [ 23.7534871, -19.1690474 ], [ 23.7537178, -19.1689451 ], [ 23.7538578, -19.1688017 ], [ 23.7542387, -19.1677224 ], [ 23.7544843, -19.1675106 ], [ 23.754951, -19.1673358 ], [ 23.7551472, -19.1673267 ], [ 23.7554369, -19.167143 ], [ 23.7556565, -19.1670277 ], [ 23.7560259, -19.1669234 ], [ 23.7561558, -19.1669447 ], [ 23.7562679, -19.1669995 ], [ 23.7563806, -19.1671011 ], [ 23.7564338, -19.1671995 ], [ 23.7564219, -19.167294 ], [ 23.7564436, -19.1674022 ], [ 23.7564732, -19.1677143 ], [ 23.7565053, -19.1678445 ], [ 23.7565657, -19.1679747 ], [ 23.7567032, -19.1681006 ], [ 23.7569681, -19.1682985 ], [ 23.7574267, -19.1684546 ], [ 23.7576175, -19.1684237 ], [ 23.7577203, -19.1683796 ], [ 23.7577835, -19.168336 ], [ 23.757876, -19.1682243 ], [ 23.7579463, -19.1681642 ], [ 23.7580226, -19.1681582 ], [ 23.75835, -19.1680909 ], [ 23.758662, -19.1678794 ], [ 23.7588892, -19.1678858 ], [ 23.7590403, -19.1679507 ], [ 23.7592167, -19.1680811 ], [ 23.7593045, -19.1682415 ], [ 23.7593338, -19.1685726 ], [ 23.7594652, -19.1687074 ], [ 23.7596906, -19.1687402 ], [ 23.7598496, -19.1686902 ], [ 23.7600392, -19.1684566 ], [ 23.7601745, -19.1683941 ], [ 23.7601629, -19.168263 ], [ 23.7601289, -19.1680854 ], [ 23.7601388, -19.1677558 ], [ 23.7601858, -19.16749 ], [ 23.760185, -19.1672309 ], [ 23.7601742, -19.167017 ], [ 23.7601457, -19.1668051 ], [ 23.7602724, -19.1665124 ], [ 23.7603325, -19.166492 ], [ 23.7604009, -19.1663834 ], [ 23.760817, -19.1651671 ], [ 23.7609726, -19.1648732 ], [ 23.7612607, -19.1646873 ], [ 23.7617826, -19.1645023 ], [ 23.7623636, -19.1643918 ], [ 23.7626769, -19.1643427 ], [ 23.7628957, -19.1643974 ], [ 23.7631302, -19.1645332 ], [ 23.7633163, -19.1645717 ], [ 23.7635743, -19.1645099 ], [ 23.76395, -19.1643616 ], [ 23.7641144, -19.1642684 ], [ 23.7642408, -19.1640741 ], [ 23.7643996, -19.1639359 ], [ 23.7646334, -19.1638599 ], [ 23.7648411, -19.163837 ], [ 23.765315, -19.1636323 ], [ 23.7657551, -19.1635829 ], [ 23.7659876, -19.1635435 ], [ 23.7662741, -19.1635519 ], [ 23.7664647, -19.1634822 ], [ 23.7665704, -19.1633019 ], [ 23.7666523, -19.1630404 ], [ 23.7666738, -19.1627208 ], [ 23.7666922, -19.1623258 ], [ 23.7666945, -19.1620957 ], [ 23.7666738, -19.161818 ], [ 23.7666793, -19.1616294 ], [ 23.7665474, -19.1611867 ], [ 23.7662324, -19.1606841 ], [ 23.766145, -19.1603948 ], [ 23.7662231, -19.1601185 ], [ 23.7663347, -19.1600474 ], [ 23.7664536, -19.1600039 ], [ 23.7666158, -19.159998 ], [ 23.7667596, -19.1599053 ], [ 23.7676201, -19.1590651 ], [ 23.7677635, -19.1589502 ], [ 23.7680558, -19.1587824 ], [ 23.7683084, -19.1587249 ], [ 23.7684648, -19.1587408 ], [ 23.7686135, -19.1587301 ], [ 23.769141, -19.1585427 ], [ 23.7694935, -19.1585304 ], [ 23.7697326, -19.158582 ], [ 23.7699312, -19.1586847 ], [ 23.7703011, -19.1588342 ], [ 23.7704265, -19.1589079 ], [ 23.7705124, -19.1588937 ], [ 23.7705926, -19.1588329 ], [ 23.7706185, -19.1587211 ], [ 23.7709649, -19.157999 ], [ 23.7710572, -19.1578938 ], [ 23.7711502, -19.1578365 ], [ 23.7715362, -19.1574218 ], [ 23.7717003, -19.1573956 ], [ 23.7718173, -19.1574117 ], [ 23.7719861, -19.1574355 ], [ 23.7722226, -19.1575204 ], [ 23.7724122, -19.157545 ], [ 23.7725716, -19.1575495 ], [ 23.7727172, -19.1575306 ], [ 23.7729011, -19.1574649 ], [ 23.7730436, -19.1573855 ], [ 23.7731618, -19.1572647 ], [ 23.7732075, -19.157106 ], [ 23.7732706, -19.156846 ], [ 23.7732964, -19.1566921 ], [ 23.7732982, -19.1563961 ], [ 23.7733708, -19.1561388 ], [ 23.7735225, -19.156041 ], [ 23.7736732, -19.1559945 ], [ 23.7738654, -19.1560105 ], [ 23.7741697, -19.1561175 ], [ 23.7743416, -19.1561914 ], [ 23.7744351, -19.1565604 ], [ 23.7745854, -19.1567833 ], [ 23.7747892, -19.1569455 ], [ 23.7750789, -19.1570468 ], [ 23.7754437, -19.1571482 ], [ 23.7755137, -19.1573337 ], [ 23.7754433, -19.157514 ], [ 23.7753413, -19.1576803 ], [ 23.7753232, -19.1577857 ], [ 23.7753965, -19.1578908 ], [ 23.7755188, -19.1579488 ], [ 23.7758406, -19.1578576 ], [ 23.7762698, -19.157584 ], [ 23.7767075, -19.1574056 ], [ 23.7770744, -19.1573711 ], [ 23.7772408, -19.1573507 ], [ 23.7773744, -19.1572818 ], [ 23.777546, -19.1569899 ], [ 23.7778898, -19.1567327 ], [ 23.7781581, -19.1565908 ], [ 23.7784477, -19.1565806 ], [ 23.7788447, -19.1566212 ], [ 23.7791554, -19.1566763 ], [ 23.7794282, -19.1565969 ], [ 23.7796737, -19.1564061 ], [ 23.7798833, -19.1561286 ], [ 23.7800871, -19.1555915 ], [ 23.7802493, -19.1552173 ], [ 23.7804519, -19.1549935 ], [ 23.7807845, -19.1548922 ], [ 23.7811407, -19.1549185 ], [ 23.7813982, -19.1550402 ], [ 23.781881, -19.155101 ], [ 23.7821071, -19.1551364 ], [ 23.7822588, -19.1552645 ], [ 23.7824711, -19.155464 ], [ 23.7826107, -19.1556943 ], [ 23.7826165, -19.1558262 ], [ 23.7826129, -19.155947 ], [ 23.7824272, -19.1561171 ], [ 23.7822672, -19.1563171 ], [ 23.7822211, -19.1564952 ], [ 23.7822006, -19.1566957 ], [ 23.7822099, -19.1568776 ], [ 23.7822672, -19.1571381 ], [ 23.7824281, -19.1572698 ], [ 23.7827409, -19.1573692 ], [ 23.7830826, -19.1575536 ], [ 23.7834366, -19.1576853 ], [ 23.7839409, -19.1577968 ], [ 23.7843379, -19.1578779 ], [ 23.7845434, -19.1578962 ], [ 23.7849494, -19.1579083 ], [ 23.7850567, -19.1579995 ], [ 23.7851747, -19.1581515 ], [ 23.7853301, -19.1582965 ], [ 23.7855717, -19.1584657 ], [ 23.7857648, -19.1585265 ], [ 23.7859053, -19.1585228 ], [ 23.7860235, -19.1584854 ], [ 23.7860973, -19.1584212 ], [ 23.7862123, -19.1583493 ], [ 23.7863305, -19.1583406 ], [ 23.786611, -19.1583857 ], [ 23.7867385, -19.1584468 ], [ 23.7868858, -19.1585304 ], [ 23.7871488, -19.1585569 ], [ 23.7873305, -19.1585619 ], [ 23.7875988, -19.1586285 ], [ 23.7876927, -19.1586466 ], [ 23.7877772, -19.1585852 ], [ 23.7879183, -19.1584625 ], [ 23.7880452, -19.1584843 ], [ 23.7880881, -19.1585417 ], [ 23.78823, -19.1586562 ], [ 23.7884312, -19.1586531 ], [ 23.7885962, -19.1586858 ], [ 23.7886809, -19.1588389 ], [ 23.788813, -19.1588549 ], [ 23.7889352, -19.1587435 ], [ 23.7889974, -19.1584352 ], [ 23.7890304, -19.1583216 ], [ 23.7891186, -19.1582436 ], [ 23.7892243, -19.1582571 ], [ 23.7894156, -19.1583456 ], [ 23.789803, -19.1583568 ], [ 23.7899362, -19.1583679 ], [ 23.7900376, -19.1584678 ], [ 23.7901181, -19.1585589 ], [ 23.7902251, -19.1585926 ], [ 23.79044, -19.1584915 ], [ 23.790729, -19.1584053 ], [ 23.7910497, -19.1580248 ], [ 23.791155, -19.1579593 ], [ 23.7912508, -19.1579553 ], [ 23.7913648, -19.1579956 ], [ 23.7915518, -19.1580812 ], [ 23.791702, -19.1581065 ], [ 23.7918791, -19.1580581 ], [ 23.792131, -19.1581244 ], [ 23.7922825, -19.1581184 ], [ 23.7928141, -19.1578679 ], [ 23.7929717, -19.1578008 ], [ 23.7931024, -19.1578118 ], [ 23.7932127, -19.1578116 ], [ 23.7932769, -19.157763 ], [ 23.7932993, -19.1576597 ], [ 23.7932478, -19.1575204 ], [ 23.7932458, -19.1574302 ], [ 23.7934306, -19.1570286 ], [ 23.7935454, -19.1568797 ], [ 23.7935628, -19.1567234 ], [ 23.7936772, -19.1565932 ], [ 23.793805, -19.1565053 ], [ 23.7939436, -19.1563864 ], [ 23.7940558, -19.1560782 ], [ 23.7942305, -19.155915 ], [ 23.794451, -19.1557422 ], [ 23.7946395, -19.15565 ], [ 23.7948183, -19.1556012 ], [ 23.7952293, -19.1556908 ], [ 23.7957184, -19.1556641 ], [ 23.7962493, -19.155542 ], [ 23.7964407, -19.1553457 ], [ 23.7965382, -19.1551269 ], [ 23.796734, -19.1549029 ], [ 23.7968802, -19.154549 ], [ 23.7973256, -19.1541338 ], [ 23.7976851, -19.1536476 ], [ 23.7980353, -19.1534943 ], [ 23.7979914, -19.152849 ], [ 23.7975038, -19.1521801 ], [ 23.7972425, -19.1515527 ], [ 23.7972463, -19.1508018 ], [ 23.7977607, -19.1503385 ], [ 23.798405, -19.1501126 ], [ 23.800032, -19.1501521 ], [ 23.8005937, -19.1497883 ], [ 23.8010287, -19.148951 ], [ 23.8013484, -19.1484331 ], [ 23.8017195, -19.1481284 ], [ 23.802416, -19.1477024 ], [ 23.8030468, -19.1470821 ], [ 23.8034921, -19.1463098 ], [ 23.8038123, -19.1453693 ], [ 23.8040757, -19.1448452 ], [ 23.8045885, -19.1446668 ], [ 23.8048852, -19.1446801 ], [ 23.8050766, -19.1446489 ], [ 23.8053299, -19.1443689 ], [ 23.8055407, -19.1441839 ], [ 23.8056872, -19.143928 ], [ 23.8056817, -19.143702 ], [ 23.8055127, -19.1435378 ], [ 23.8054431, -19.1433827 ], [ 23.805419, -19.1427928 ], [ 23.8054732, -19.1423985 ], [ 23.8056228, -19.1421367 ], [ 23.8056724, -19.1417064 ], [ 23.8055859, -19.1414743 ], [ 23.8053818, -19.1410778 ], [ 23.8051993, -19.1409714 ], [ 23.8050259, -19.1406525 ], [ 23.8048642, -19.1403801 ], [ 23.805014, -19.1396933 ], [ 23.8055477, -19.1389868 ], [ 23.8059114, -19.1384577 ], [ 23.806038, -19.1382804 ], [ 23.8061549, -19.1380422 ], [ 23.8061713, -19.1378923 ], [ 23.8061348, -19.1377363 ], [ 23.8055198, -19.1366981 ], [ 23.80517, -19.1358214 ], [ 23.8050123, -19.134972 ], [ 23.805486, -19.1336929 ], [ 23.8053573, -19.1328414 ], [ 23.8043273, -19.13199 ], [ 23.8039411, -19.1309358 ], [ 23.8037579, -19.1305323 ], [ 23.8038316, -19.1300914 ], [ 23.8039094, -19.1297727 ], [ 23.8041986, -19.1295193 ], [ 23.8060439, -19.1295167 ], [ 23.807031, -19.1291113 ], [ 23.8076318, -19.1269623 ], [ 23.8081468, -19.1263947 ], [ 23.8091489, -19.1263704 ], [ 23.809578, -19.1268975 ], [ 23.8097739, -19.1275648 ], [ 23.8101673, -19.1279311 ], [ 23.8106038, -19.1281279 ], [ 23.8119663, -19.1286653 ], [ 23.813125, -19.1295573 ], [ 23.8137268, -19.1297126 ], [ 23.8141979, -19.1294356 ], [ 23.8148618, -19.1283928 ], [ 23.8147493, -19.1278111 ], [ 23.8150588, -19.1268337 ], [ 23.8147128, -19.1252999 ], [ 23.8144457, -19.1243371 ], [ 23.8146002, -19.1233587 ], [ 23.8155926, -19.121529 ], [ 23.8160432, -19.1199882 ], [ 23.8165582, -19.1186806 ], [ 23.8170474, -19.1182448 ], [ 23.8176203, -19.1179456 ], [ 23.8187158, -19.1174998 ], [ 23.8197339, -19.1166633 ], [ 23.8215364, -19.1149602 ], [ 23.8222348, -19.1146461 ], [ 23.8227123, -19.114636 ], [ 23.8230963, -19.1148142 ], [ 23.8233705, -19.1153802 ], [ 23.8234561, -19.1156562 ], [ 23.8236357, -19.1159365 ], [ 23.8238967, -19.1161361 ], [ 23.8241445, -19.1165165 ], [ 23.8242121, -19.1175716 ], [ 23.8242304, -19.1180979 ], [ 23.8244868, -19.1184829 ], [ 23.8250619, -19.1190913 ], [ 23.8253558, -19.1189745 ], [ 23.8258558, -19.1185844 ], [ 23.8260221, -19.1180522 ], [ 23.8262732, -19.1179862 ], [ 23.8267946, -19.1176873 ], [ 23.8272763, -19.11753 ], [ 23.8274866, -19.1173021 ], [ 23.827567, -19.1166736 ], [ 23.8276261, -19.1161211 ], [ 23.8278127, -19.115609 ], [ 23.8282215, -19.1152899 ], [ 23.828575, -19.1151521 ], [ 23.8289242, -19.1151631 ], [ 23.8292729, -19.1152797 ], [ 23.8295251, -19.1152493 ], [ 23.8296849, -19.115092 ], [ 23.8299489, -19.1145498 ], [ 23.8303136, -19.1142305 ], [ 23.8305979, -19.113455 ], [ 23.8304585, -19.1132016 ], [ 23.8305271, -19.1130088 ], [ 23.8312149, -19.1129836 ], [ 23.8315357, -19.1128111 ], [ 23.8317942, -19.1125933 ], [ 23.8317888, -19.1121067 ], [ 23.8318693, -19.1114377 ], [ 23.832013, -19.1112145 ], [ 23.8336771, -19.1102921 ], [ 23.8342608, -19.1098358 ], [ 23.8350933, -19.1091111 ], [ 23.8353133, -19.1086904 ], [ 23.8358058, -19.1083709 ], [ 23.8369859, -19.1082086 ], [ 23.8373357, -19.1081024 ], [ 23.8378871, -19.1072963 ], [ 23.838445, -19.1063636 ], [ 23.8381875, -19.1055931 ], [ 23.8378651, -19.1047791 ], [ 23.8378856, -19.1042932 ], [ 23.8381655, -19.1032082 ], [ 23.8381672, -19.1024772 ], [ 23.8380046, -19.1021645 ], [ 23.8377151, -19.1019433 ], [ 23.8372515, -19.1016647 ], [ 23.8367113, -19.1013747 ], [ 23.8365444, -19.1011162 ], [ 23.8364704, -19.1007649 ], [ 23.8363717, -19.0997694 ], [ 23.8365283, -19.0987439 ], [ 23.8368877, -19.0982339 ], [ 23.8374671, -19.0979277 ], [ 23.838261, -19.0978786 ], [ 23.8388297, -19.097656 ], [ 23.839409, -19.0971364 ], [ 23.8400007, -19.09674 ], [ 23.8405879, -19.0965338 ], [ 23.841173, -19.09649 ], [ 23.8418186, -19.0965542 ], [ 23.8419614, -19.0965656 ], [ 23.8430686, -19.0969124 ], [ 23.8441187, -19.0974387 ], [ 23.8446785, -19.097876 ], [ 23.8453283, -19.0985458 ], [ 23.8457712, -19.0992052 ], [ 23.8463356, -19.1001318 ], [ 23.8468452, -19.1013621 ], [ 23.8472244, -19.101875 ], [ 23.8477577, -19.1021868 ], [ 23.8483467, -19.1023313 ], [ 23.8491309, -19.102349 ], [ 23.8503739, -19.1021153 ], [ 23.8513625, -19.1020245 ], [ 23.8519939, -19.1020869 ], [ 23.8526822, -19.1023277 ], [ 23.8539048, -19.1030592 ], [ 23.8553116, -19.1043788 ], [ 23.8560398, -19.1051618 ], [ 23.8566718, -19.1063681 ], [ 23.8570488, -19.1076476 ], [ 23.8576159, -19.1098287 ], [ 23.8581003, -19.1112297 ], [ 23.8584527, -19.1118263 ], [ 23.8590873, -19.1125678 ], [ 23.859384, -19.1129576 ], [ 23.8596452, -19.113538 ], [ 23.8597724, -19.1145335 ], [ 23.8597915, -19.1151038 ], [ 23.8595942, -19.1155887 ], [ 23.8594615, -19.1159553 ], [ 23.8596091, -19.1163278 ], [ 23.8599336, -19.1167739 ], [ 23.8598796, -19.1176735 ], [ 23.8598853, -19.1183071 ], [ 23.8594535, -19.1194577 ], [ 23.8594837, -19.1198616 ], [ 23.8596779, -19.1203993 ], [ 23.8600095, -19.1208063 ], [ 23.8602716, -19.1210061 ], [ 23.8607798, -19.1210968 ], [ 23.8616488, -19.1213719 ], [ 23.8623483, -19.1217176 ], [ 23.8625675, -19.1218322 ], [ 23.862817, -19.1216625 ], [ 23.8629779, -19.1217486 ], [ 23.863447, -19.1223547 ], [ 23.8637263, -19.1230081 ], [ 23.8638711, -19.1235352 ], [ 23.8641849, -19.1236873 ], [ 23.864838, -19.1243268 ], [ 23.8652793, -19.1246275 ], [ 23.8655043, -19.1249336 ], [ 23.8658774, -19.1250051 ], [ 23.8661376, -19.1248099 ], [ 23.8667719, -19.124864 ], [ 23.8672721, -19.1248555 ], [ 23.8677026, -19.124894 ], [ 23.8683855, -19.1247257 ], [ 23.8684389, -19.1245616 ], [ 23.8685918, -19.124483 ], [ 23.8687742, -19.1245337 ], [ 23.8698161, -19.1250161 ], [ 23.8708904, -19.1256158 ], [ 23.8720907, -19.1259487 ], [ 23.8726795, -19.1260314 ], [ 23.8731592, -19.1263451 ], [ 23.8736692, -19.1263634 ], [ 23.873983, -19.1265103 ], [ 23.874437, -19.1269016 ], [ 23.875135, -19.1271321 ], [ 23.875359, -19.1271971 ], [ 23.8755414, -19.1271616 ], [ 23.8756666, -19.127049 ], [ 23.8760818, -19.1268001 ], [ 23.876338, -19.1266041 ], [ 23.8766043, -19.1266253 ], [ 23.8768409, -19.1267029 ], [ 23.8770522, -19.1269112 ], [ 23.8771668, -19.127154 ], [ 23.8771037, -19.1274074 ], [ 23.8769446, -19.1277198 ], [ 23.8768559, -19.1280884 ], [ 23.8768865, -19.1285642 ], [ 23.8768998, -19.1291098 ], [ 23.8770484, -19.1294044 ], [ 23.8770683, -19.1299252 ], [ 23.877307, -19.1303526 ], [ 23.8775924, -19.1305548 ], [ 23.8779341, -19.1306104 ], [ 23.8783605, -19.1305812 ], [ 23.8786942, -19.1306678 ], [ 23.8789853, -19.1308969 ], [ 23.8792482, -19.1310084 ], [ 23.8793957, -19.1310844 ], [ 23.879562, -19.1312821 ], [ 23.8796183, -19.1315633 ], [ 23.8797859, -19.1316059 ], [ 23.8800958, -19.1315582 ], [ 23.8804739, -19.131334 ], [ 23.8805491, -19.1311959 ], [ 23.8806926, -19.1311452 ], [ 23.8808066, -19.1311541 ], [ 23.8809259, -19.1312187 ], [ 23.8811659, -19.1313362 ], [ 23.8813873, -19.1312669 ], [ 23.8814691, -19.1312061 ], [ 23.8814798, -19.1311149 ], [ 23.881469, -19.1309704 ], [ 23.881508, -19.1308538 ], [ 23.8815777, -19.1307715 ], [ 23.8816796, -19.1306901 ], [ 23.8820231, -19.1301412 ], [ 23.8820937, -19.1300688 ], [ 23.8821838, -19.1300464 ], [ 23.8821917, -19.3338092 ], [ 23.6841876, -19.3326078 ], [ 23.6444385, -19.4279915 ], [ 23.6440904, -19.4288981 ], [ 23.6427234, -19.4322531 ], [ 23.6365691, -19.4473565 ], [ 23.6305477, -19.4616257 ], [ 23.6296901, -19.463658 ], [ 23.6272179, -19.4695401 ], [ 23.6267786, -19.4705854 ], [ 23.6254297, -19.4737948 ], [ 23.6217751, -19.4824895 ], [ 23.6211729, -19.4839887 ], [ 23.6205962, -19.4854246 ], [ 23.6183404, -19.4910403 ], [ 23.6168151, -19.4948375 ], [ 23.6160067, -19.4968499 ], [ 23.6151926, -19.4989857 ], [ 23.6149113, -19.4997238 ], [ 23.6105035, -19.5112872 ], [ 23.6084023, -19.5157804 ], [ 23.6081207, -19.5163825 ], [ 23.6061161, -19.5163584 ], [ 23.6048718, -19.5163434 ], [ 23.6023399, -19.5163029 ], [ 23.6009599, -19.5162809 ], [ 23.6004287, -19.5163672 ], [ 23.5960484, -19.5170791 ], [ 23.5942301, -19.5173746 ], [ 23.5912422, -19.5178273 ], [ 23.5695541, -19.521113 ], [ 23.568083, -19.5213359 ], [ 23.5637553, -19.5220147 ], [ 23.5322376, -19.526762 ], [ 23.532241, -19.5267482 ], [ 23.5313108, -19.5259366 ], [ 23.531254, -19.5258685 ], [ 23.5312057, -19.5257775 ], [ 23.5311628, -19.5256814 ], [ 23.531136, -19.5255853 ], [ 23.5311199, -19.5254792 ], [ 23.5311199, -19.5253932 ], [ 23.5310725, -19.5252272 ], [ 23.5310242, -19.5249896 ], [ 23.5309974, -19.5248429 ], [ 23.5309652, -19.5246761 ], [ 23.5309062, -19.5245143 ], [ 23.5308257, -19.5243727 ], [ 23.530756, -19.524216 ], [ 23.5306702, -19.5241098 ], [ 23.5305575, -19.5240036 ], [ 23.5304663, -19.5238874 ], [ 23.5303912, -19.5237559 ], [ 23.5303054, -19.5236548 ], [ 23.5302464, -19.5235385 ], [ 23.5302088, -19.5233969 ], [ 23.5302142, -19.5232301 ], [ 23.5302839, -19.523043 ], [ 23.5303215, -19.5227548 ], [ 23.5302947, -19.5226132 ], [ 23.5302249, -19.5224059 ], [ 23.5301445, -19.5222644 ], [ 23.530005, -19.5220874 ], [ 23.5299084, -19.5219105 ], [ 23.5297904, -19.5217284 ], [ 23.5296402, -19.5216172 ], [ 23.5295007, -19.5215768 ], [ 23.5293613, -19.5215565 ], [ 23.5292862, -19.5215211 ], [ 23.5291842, -19.5214453 ], [ 23.5291038, -19.5213492 ], [ 23.5290823, -19.5212329 ], [ 23.5290233, -19.5211369 ], [ 23.5290179, -19.5210358 ], [ 23.5290179, -19.52097 ], [ 23.5290716, -19.5208487 ], [ 23.5290663, -19.5207021 ], [ 23.5290341, -19.5205251 ], [ 23.5289644, -19.5203785 ], [ 23.5287391, -19.5202318 ], [ 23.5284816, -19.5201358 ], [ 23.5282992, -19.5200296 ], [ 23.5280631, -19.5199487 ], [ 23.5278968, -19.5198274 ], [ 23.5277735, -19.5196757 ], [ 23.5276554, -19.519524 ], [ 23.5275428, -19.5194026 ], [ 23.527398, -19.5191903 ], [ 23.5272638, -19.5190234 ], [ 23.5271458, -19.518897 ], [ 23.5269634, -19.5186998 ], [ 23.526824, -19.5185178 ], [ 23.5266952, -19.5183611 ], [ 23.5266094, -19.5181942 ], [ 23.5265343, -19.5180375 ], [ 23.5264645, -19.5178403 ], [ 23.5264431, -19.5176684 ], [ 23.5264324, -19.5175319 ], [ 23.5264109, -19.517365 ], [ 23.5264002, -19.5172285 ], [ 23.5263841, -19.5171021 ], [ 23.5263733, -19.5169909 ], [ 23.5263143, -19.5168594 ], [ 23.5262661, -19.5167482 ], [ 23.5262124, -19.5166319 ], [ 23.5260998, -19.5165358 ], [ 23.5259388, -19.5164852 ], [ 23.5257779, -19.5164448 ], [ 23.5256277, -19.5164195 ], [ 23.5254292, -19.5164094 ], [ 23.5252039, -19.5164195 ], [ 23.5250001, -19.516465 ], [ 23.5248284, -19.5165055 ], [ 23.5245494, -19.516642 ], [ 23.5243295, -19.5166875 ], [ 23.5240666, -19.516733 ], [ 23.5238252, -19.516738 ], [ 23.5234926, -19.5167279 ], [ 23.52316, -19.5166824 ], [ 23.5228918, -19.5166217 ], [ 23.5225914, -19.5164953 ], [ 23.5223661, -19.5164043 ], [ 23.522173, -19.5162729 ], [ 23.5220228, -19.5161616 ], [ 23.521953, -19.5159948 ], [ 23.5218565, -19.5158734 ], [ 23.5217063, -19.5157672 ], [ 23.5214756, -19.5156611 ], [ 23.5211055, -19.5156004 ], [ 23.5208426, -19.5155549 ], [ 23.5204885, -19.5154942 ], [ 23.5201774, -19.5154487 ], [ 23.5199414, -19.5153729 ], [ 23.5196571, -19.5152262 ], [ 23.5195122, -19.51512 ], [ 23.5194103, -19.5149582 ], [ 23.5193406, -19.5147863 ], [ 23.519244, -19.5145841 ], [ 23.5191528, -19.5144223 ], [ 23.5190241, -19.514311 ], [ 23.5189007, -19.5141796 ], [ 23.5187183, -19.5140734 ], [ 23.5185466, -19.5139773 ], [ 23.5183267, -19.5138863 ], [ 23.5181389, -19.513765 ], [ 23.5179458, -19.5136588 ], [ 23.5178439, -19.5135475 ], [ 23.5177795, -19.5134009 ], [ 23.5177634, -19.5132543 ], [ 23.517801, -19.5128447 ], [ 23.5178224, -19.5126829 ], [ 23.5177742, -19.5125009 ], [ 23.5176615, -19.5123441 ], [ 23.5175113, -19.5122228 ], [ 23.5173343, -19.5121115 ], [ 23.5170017, -19.5119953 ], [ 23.5167442, -19.511884 ], [ 23.516535, -19.5117829 ], [ 23.516491, -19.5117514 ], [ 23.5161498, -19.5105962 ], [ 23.5155907, -19.5087032 ], [ 23.513443, -19.5032883 ], [ 23.5089207, -19.4977684 ], [ 23.5015163, -19.4920673 ], [ 23.4906292, -19.4868908 ], [ 23.4883714, -19.4884698 ], [ 23.4868921, -19.4871789 ], [ 23.4863392, -19.4870448 ], [ 23.486018, -19.4868953 ], [ 23.4856602, -19.486696 ], [ 23.4853635, -19.4865849 ], [ 23.4849569, -19.4865925 ], [ 23.4844162, -19.4866232 ], [ 23.4841926, -19.4865772 ], [ 23.4841194, -19.4865005 ], [ 23.4840625, -19.4863894 ], [ 23.4840137, -19.4863051 ], [ 23.4840056, -19.4861671 ], [ 23.4840747, -19.4860675 ], [ 23.4841641, -19.4859716 ], [ 23.4842536, -19.4859027 ], [ 23.4843796, -19.4858298 ], [ 23.4845097, -19.4857417 ], [ 23.4846357, -19.4856267 ], [ 23.4847536, -19.4855156 ], [ 23.4848634, -19.4853738 ], [ 23.484961, -19.4852703 ], [ 23.4849691, -19.4851323 ], [ 23.4849, -19.485002 ], [ 23.4847821, -19.4848487 ], [ 23.4845666, -19.4846302 ], [ 23.484282, -19.4843964 ], [ 23.4840625, -19.4841703 ], [ 23.4838145, -19.4840668 ], [ 23.4836682, -19.4840592 ], [ 23.483347, -19.484063 ], [ 23.4831884, -19.48404 ], [ 23.4830502, -19.484017 ], [ 23.4829526, -19.4839289 ], [ 23.4828551, -19.4837909 ], [ 23.4827738, -19.4836606 ], [ 23.4825583, -19.4835533 ], [ 23.482416, -19.4834536 ], [ 23.4822046, -19.4832811 ], [ 23.4819322, -19.4830665 ], [ 23.4817696, -19.4829592 ], [ 23.4815582, -19.482825 ], [ 23.4814525, -19.4827369 ], [ 23.4813874, -19.4826181 ], [ 23.4813793, -19.4824993 ], [ 23.4814484, -19.4823843 ], [ 23.4814891, -19.4823038 ], [ 23.4814809, -19.4822271 ], [ 23.4814809, -19.4821582 ], [ 23.4815175, -19.4820623 ], [ 23.4815744, -19.4819857 ], [ 23.4816557, -19.4818784 ], [ 23.4817045, -19.4817787 ], [ 23.4817045, -19.4816676 ], [ 23.4816907, -19.4815947 ], [ 23.4816263, -19.4815265 ], [ 23.48157, -19.4814557 ], [ 23.4814627, -19.4814152 ], [ 23.4813796, -19.4813849 ], [ 23.4812777, -19.4813267 ], [ 23.4812187, -19.4812458 ], [ 23.4812026, -19.4811598 ], [ 23.4811543, -19.481089 ], [ 23.4810604, -19.481084 ], [ 23.4809343, -19.4811446 ], [ 23.4808458, -19.4811851 ], [ 23.4807466, -19.4811952 ], [ 23.4806339, -19.4811118 ], [ 23.4804784, -19.4809474 ], [ 23.4803738, -19.4807932 ], [ 23.4801994, -19.4807097 ], [ 23.480017, -19.4805504 ], [ 23.4798253, -19.4803277 ], [ 23.4796327, -19.4800176 ], [ 23.4794623, -19.4798736 ], [ 23.4792014, -19.4794236 ], [ 23.4790601, -19.4790883 ], [ 23.4788335, -19.4790599 ], [ 23.478355, -19.4791783 ], [ 23.4779591, -19.479181 ], [ 23.477634, -19.4789199 ], [ 23.4771769, -19.4786601 ], [ 23.4769673, -19.4784569 ], [ 23.4769291, -19.4781204 ], [ 23.4771298, -19.4777672 ], [ 23.4771564, -19.4774271 ], [ 23.4771849, -19.4768159 ], [ 23.4770197, -19.4761941 ], [ 23.4766357, -19.4760781 ], [ 23.4760996, -19.4758945 ], [ 23.4759746, -19.4754588 ], [ 23.4755795, -19.4751924 ], [ 23.4752557, -19.4749143 ], [ 23.4748147, -19.4745641 ], [ 23.4747424, -19.4734912 ], [ 23.4744509, -19.4731889 ], [ 23.4739259, -19.4725118 ], [ 23.473914, -19.4722172 ], [ 23.4739719, -19.4719429 ], [ 23.4743697, -19.4716579 ], [ 23.4746576, -19.4710074 ], [ 23.4739794, -19.4706662 ], [ 23.4735891, -19.4707965 ], [ 23.4731315, -19.4704799 ], [ 23.472225, -19.4700644 ], [ 23.471332, -19.4699347 ], [ 23.4703835, -19.4693624 ], [ 23.4696482, -19.4693679 ], [ 23.4693217, -19.4690952 ], [ 23.4692481, -19.4685621 ], [ 23.4691662, -19.4681343 ], [ 23.4691454, -19.4678637 ], [ 23.4691461, -19.4676987 ], [ 23.4689857, -19.467509 ], [ 23.4689035, -19.4670724 ], [ 23.4687747, -19.4667329 ], [ 23.4685043, -19.4666299 ], [ 23.4683107, -19.4666206 ], [ 23.4678643, -19.4662479 ], [ 23.4673626, -19.4656718 ], [ 23.4669777, -19.465455 ], [ 23.466929, -19.4653319 ], [ 23.4669298, -19.4651208 ], [ 23.4666729, -19.4649852 ], [ 23.4658547, -19.4646898 ], [ 23.4643524, -19.464496 ], [ 23.4636133, -19.4640205 ], [ 23.4634204, -19.463968 ], [ 23.4631538, -19.4636762 ], [ 23.463158, -19.4632695 ], [ 23.4630198, -19.4630817 ], [ 23.462858, -19.462951 ], [ 23.4628405, -19.462859 ], [ 23.4629512, -19.4625766 ], [ 23.4629151, -19.4624501 ], [ 23.4627468, -19.4623086 ], [ 23.4625783, -19.46207 ], [ 23.462539, -19.4619534 ], [ 23.4625321, -19.4617164 ], [ 23.4624087, -19.4615604 ], [ 23.4624675, -19.4614057 ], [ 23.4623359, -19.4613022 ], [ 23.4620931, -19.4612305 ], [ 23.4620266, -19.4610936 ], [ 23.4617285, -19.4611158 ], [ 23.4614834, -19.4609349 ], [ 23.4612028, -19.4608453 ], [ 23.4612212, -19.4606726 ], [ 23.4613745, -19.4604499 ], [ 23.4615163, -19.460044 ], [ 23.4611286, -19.459868 ], [ 23.4608275, -19.4599748 ], [ 23.4604495, -19.4598866 ], [ 23.4602734, -19.4597282 ], [ 23.4602386, -19.459346 ], [ 23.4604315, -19.4589063 ], [ 23.4606547, -19.4576747 ], [ 23.4600542, -19.4572309 ], [ 23.4596879, -19.4572683 ], [ 23.4594396, -19.4570668 ], [ 23.4591333, -19.4570137 ], [ 23.4590124, -19.4568824 ], [ 23.4588565, -19.4564968 ], [ 23.4586009, -19.456199 ], [ 23.4584807, -19.4561147 ], [ 23.4584925, -19.4558767 ], [ 23.4586409, -19.4554617 ], [ 23.458574, -19.4549883 ], [ 23.4580724, -19.4546259 ], [ 23.4573024, -19.4544179 ], [ 23.4565014, -19.4543793 ], [ 23.4561986, -19.4546301 ], [ 23.4560484, -19.4548586 ], [ 23.455769, -19.4550088 ], [ 23.4552867, -19.4549135 ], [ 23.4551334, -19.4546805 ], [ 23.4550951, -19.4532303 ], [ 23.4545762, -19.4523361 ], [ 23.4537958, -19.4521688 ], [ 23.4525019, -19.4513169 ], [ 23.4505986, -19.4506716 ], [ 23.4490247, -19.4515706 ], [ 23.4482211, -19.4514805 ], [ 23.4470483, -19.4523336 ], [ 23.4462442, -19.4518981 ], [ 23.4443778, -19.4511938 ], [ 23.4432288, -19.4508136 ], [ 23.4425367, -19.450424 ], [ 23.4421302, -19.4482521 ], [ 23.4407495, -19.4483852 ], [ 23.4403633, -19.4475759 ], [ 23.4418224, -19.4467261 ], [ 23.4416985, -19.4462615 ], [ 23.4414569, -19.4460039 ], [ 23.4409762, -19.4458877 ], [ 23.4407465, -19.4457529 ], [ 23.4404944, -19.4458296 ], [ 23.4401448, -19.4459753 ], [ 23.4397627, -19.446121 ], [ 23.4392098, -19.4461286 ], [ 23.4386487, -19.4460826 ], [ 23.4381202, -19.4459676 ], [ 23.4377218, -19.4457606 ], [ 23.4375104, -19.4454999 ], [ 23.4373396, -19.4452776 ], [ 23.437177, -19.4448789 ], [ 23.4370063, -19.4445799 ], [ 23.4367705, -19.4444495 ], [ 23.4364778, -19.4443345 ], [ 23.4361281, -19.4442885 ], [ 23.4359086, -19.4443882 ], [ 23.4356565, -19.4445645 ], [ 23.4353557, -19.4447869 ], [ 23.4350386, -19.4450092 ], [ 23.4347947, -19.4450936 ], [ 23.4344775, -19.4450552 ], [ 23.4341604, -19.4449326 ], [ 23.4339653, -19.4446949 ], [ 23.433697, -19.4441888 ], [ 23.4335425, -19.4439665 ], [ 23.4331685, -19.4435985 ], [ 23.4328351, -19.4434528 ], [ 23.432518, -19.4433608 ], [ 23.4322171, -19.4432074 ], [ 23.4320789, -19.4430311 ], [ 23.4319732, -19.4428701 ], [ 23.4317618, -19.4423794 ], [ 23.4317537, -19.4419193 ], [ 23.4316968, -19.4415513 ], [ 23.4315585, -19.4412063 ], [ 23.431461, -19.4408152 ], [ 23.4314122, -19.4405776 ], [ 23.4312577, -19.4404165 ], [ 23.4310056, -19.4403169 ], [ 23.4307698, -19.4402249 ], [ 23.4300543, -19.4400025 ], [ 23.4297291, -19.4397648 ], [ 23.429038, -19.4394274 ], [ 23.4288022, -19.4392971 ], [ 23.4284281, -19.4392051 ], [ 23.4282005, -19.4390211 ], [ 23.4280704, -19.4388447 ], [ 23.4280378, -19.4385073 ], [ 23.4280704, -19.4383003 ], [ 23.4284281, -19.4378096 ], [ 23.4285664, -19.4374952 ], [ 23.4285094, -19.4372959 ], [ 23.4282818, -19.4371272 ], [ 23.4279809, -19.4370659 ], [ 23.4276638, -19.4371042 ], [ 23.4273955, -19.4371502 ], [ 23.4271109, -19.4372039 ], [ 23.426867, -19.4372882 ], [ 23.4265255, -19.4373342 ], [ 23.4261921, -19.4373879 ], [ 23.4259563, -19.4374032 ], [ 23.4257449, -19.4374032 ], [ 23.4250131, -19.4373802 ], [ 23.4246066, -19.4372882 ], [ 23.4236959, -19.4368435 ], [ 23.4225901, -19.4365521 ], [ 23.4219803, -19.4359694 ], [ 23.4211672, -19.4349649 ], [ 23.4208908, -19.4343899 ], [ 23.4209639, -19.4338685 ], [ 23.4212241, -19.4336078 ], [ 23.4217852, -19.4334621 ], [ 23.42333, -19.4329867 ], [ 23.4242814, -19.432611 ], [ 23.4248505, -19.4325803 ], [ 23.4253709, -19.4324959 ], [ 23.425688, -19.4321356 ], [ 23.4258506, -19.4317062 ], [ 23.4256717, -19.4312768 ], [ 23.4251432, -19.430694 ], [ 23.4245172, -19.4301879 ], [ 23.4241594, -19.4298505 ], [ 23.4239968, -19.4296512 ], [ 23.4237203, -19.4295745 ], [ 23.4234195, -19.4297202 ], [ 23.4231918, -19.4298199 ], [ 23.4228828, -19.4298889 ], [ 23.4226714, -19.4296895 ], [ 23.4224925, -19.4293521 ], [ 23.4223299, -19.4289917 ], [ 23.4220941, -19.4287157 ], [ 23.4216876, -19.4284013 ], [ 23.421403, -19.4281713 ], [ 23.4212404, -19.4279029 ], [ 23.4211672, -19.4276115 ], [ 23.4211672, -19.4273278 ], [ 23.4211753, -19.4270978 ], [ 23.4210046, -19.4268524 ], [ 23.4206793, -19.426699 ], [ 23.4203053, -19.42663 ], [ 23.4200533, -19.4266683 ], [ 23.4198337, -19.426768 ], [ 23.4195898, -19.4268447 ], [ 23.4193215, -19.4268677 ], [ 23.4190044, -19.4268217 ], [ 23.4188174, -19.426699 ], [ 23.4187117, -19.4264536 ], [ 23.4185409, -19.4260319 ], [ 23.4183376, -19.4257558 ], [ 23.4180287, -19.4255258 ], [ 23.4168659, -19.424736 ], [ 23.4156544, -19.4234554 ], [ 23.4149796, -19.4233557 ], [ 23.4141909, -19.4233404 ], [ 23.4136786, -19.423141 ], [ 23.4134997, -19.4229493 ], [ 23.4134184, -19.4227883 ], [ 23.4133371, -19.4225812 ], [ 23.4133615, -19.4224202 ], [ 23.4134266, -19.4222822 ], [ 23.4133209, -19.4221825 ], [ 23.4131664, -19.4220828 ], [ 23.4128005, -19.4221595 ], [ 23.4124996, -19.4220675 ], [ 23.4122069, -19.4216917 ], [ 23.4120606, -19.4213313 ], [ 23.4119792, -19.4208866 ], [ 23.4117516, -19.4204878 ], [ 23.4114751, -19.4203191 ], [ 23.4111499, -19.4202347 ], [ 23.4108653, -19.4201887 ], [ 23.4106702, -19.4203191 ], [ 23.4105075, -19.4206105 ], [ 23.4103775, -19.4208635 ], [ 23.4100929, -19.4210246 ], [ 23.4096294, -19.4210629 ], [ 23.4089952, -19.4210246 ], [ 23.4085399, -19.4209326 ], [ 23.4082065, -19.4207485 ], [ 23.4078894, -19.4204341 ], [ 23.4078162, -19.4202654 ], [ 23.4076801, -19.4198109 ], [ 23.4078037, -19.4195779 ], [ 23.4076205, -19.4191886 ], [ 23.40693, -19.4187915 ], [ 23.4057046, -19.4185344 ], [ 23.4051553, -19.4190407 ], [ 23.4048375, -19.4190362 ], [ 23.4045283, -19.4187639 ], [ 23.4040529, -19.4184798 ], [ 23.4038852, -19.4183508 ], [ 23.4036527, -19.4184087 ], [ 23.4034784, -19.4183667 ], [ 23.4033064, -19.417525 ], [ 23.402914, -19.4171437 ], [ 23.4030685, -19.4167382 ], [ 23.4034203, -19.4167295 ], [ 23.4035308, -19.4164443 ], [ 23.4034116, -19.4160413 ], [ 23.403422, -19.4153156 ], [ 23.3094149, -19.4242072 ], [ 23.281687, -19.4787406 ], [ 23.2813692, -19.479419 ], [ 23.2813152, -19.4796791 ], [ 23.2811233, -19.480041 ], [ 23.2809194, -19.4805611 ], [ 23.2804756, -19.4812452 ], [ 23.2802807, -19.4816608 ], [ 23.2799569, -19.4822884 ], [ 23.279714, -19.4827407 ], [ 23.279594, -19.4827831 ], [ 23.2794651, -19.482882 ], [ 23.2793841, -19.483012 ], [ 23.2792792, -19.4831308 ], [ 23.2792522, -19.4831619 ], [ 23.2791862, -19.4833626 ], [ 23.2789373, -19.4836085 ], [ 23.2788294, -19.4837696 ], [ 23.2780678, -19.4845244 ], [ 23.2779328, -19.484694 ], [ 23.2777799, -19.484841 ], [ 23.2777589, -19.4848269 ], [ 23.277531, -19.4849711 ], [ 23.2774006, -19.4850629 ], [ 23.2772716, -19.4851166 ], [ 23.2772117, -19.4851364 ], [ 23.2768338, -19.4853456 ], [ 23.276519, -19.4854135 ], [ 23.2760662, -19.4855718 ], [ 23.2756734, -19.4858431 ], [ 23.2751936, -19.4861258 ], [ 23.2748338, -19.4862983 ], [ 23.2746269, -19.4865357 ], [ 23.2741471, -19.4873555 ], [ 23.2739252, -19.4877399 ], [ 23.2733555, -19.4882035 ], [ 23.2728997, -19.488995 ], [ 23.2724739, -19.4896084 ], [ 23.2720181, -19.4904621 ], [ 23.2715863, -19.4905808 ], [ 23.2715264, -19.4910388 ], [ 23.2715324, -19.4912988 ], [ 23.2714064, -19.4919264 ], [ 23.2710788, -19.4926127 ], [ 23.2716943, -19.4931108 ], [ 23.2724739, -19.4932238 ], [ 23.2727498, -19.4936535 ], [ 23.2740212, -19.4941058 ], [ 23.2747768, -19.4947955 ], [ 23.2747768, -19.4958922 ], [ 23.2740092, -19.4968307 ], [ 23.2740212, -19.4977635 ], [ 23.2738413, -19.4991881 ], [ 23.2735774, -19.5001604 ], [ 23.2736254, -19.5007144 ], [ 23.2734454, -19.5012232 ], [ 23.2729897, -19.5015963 ], [ 23.2727978, -19.5030887 ], [ 23.2732176, -19.5044398 ], [ 23.2735774, -19.5053895 ], [ 23.2735654, -19.5064297 ], [ 23.2738053, -19.5070063 ], [ 23.2737453, -19.5075037 ], [ 23.2738772, -19.5081934 ], [ 23.2736613, -19.5090526 ], [ 23.2733615, -19.5100814 ], [ 23.2739012, -19.5115172 ], [ 23.2742131, -19.5117094 ], [ 23.274453, -19.5115511 ], [ 23.2747049, -19.5116642 ], [ 23.2746809, -19.5120486 ], [ 23.274297, -19.5127721 ], [ 23.274333, -19.5133035 ], [ 23.2749088, -19.5136087 ], [ 23.2749687, -19.5141514 ], [ 23.2753166, -19.5149315 ], [ 23.2752326, -19.515378 ], [ 23.2753405, -19.5157172 ], [ 23.2759523, -19.5158868 ], [ 23.276444, -19.5157511 ], [ 23.2771757, -19.5159885 ], [ 23.2776315, -19.5166894 ], [ 23.2782192, -19.5172886 ], [ 23.2783271, -19.517786 ], [ 23.2778114, -19.5182269 ], [ 23.2776674, -19.5187356 ], [ 23.2781952, -19.5193122 ], [ 23.278663, -19.5199679 ], [ 23.2793467, -19.5203183 ], [ 23.2794546, -19.5207931 ], [ 23.2797425, -19.5212227 ], [ 23.2801023, -19.5226415 ], [ 23.2804022, -19.5237267 ], [ 23.2809419, -19.5239641 ], [ 23.2814097, -19.5252981 ], [ 23.2821173, -19.5269825 ], [ 23.282741, -19.5273781 ], [ 23.282825, -19.5287742 ], [ 23.282897, -19.5291812 ], [ 23.2834487, -19.5299046 ], [ 23.2833887, -19.5303681 ], [ 23.2836406, -19.5306733 ], [ 23.2836406, -19.5311142 ], [ 23.2838205, -19.5313968 ], [ 23.2844682, -19.5315663 ], [ 23.2848041, -19.5317359 ], [ 23.2850559, -19.5320298 ], [ 23.284912, -19.5322559 ], [ 23.2850799, -19.5327759 ], [ 23.2854518, -19.5330246 ], [ 23.2854398, -19.5334654 ], [ 23.2851159, -19.5340872 ], [ 23.2851999, -19.5345167 ], [ 23.2855957, -19.5349576 ], [ 23.2855717, -19.5359127 ], [ 23.2854638, -19.5363762 ], [ 23.285032, -19.5367492 ], [ 23.285032, -19.5370996 ], [ 23.2852718, -19.5372692 ], [ 23.2854278, -19.537597 ], [ 23.2854398, -19.5387726 ], [ 23.2857996, -19.5395525 ], [ 23.2852718, -19.5401064 ], [ 23.2851519, -19.5405924 ], [ 23.2853918, -19.5412594 ], [ 23.2848281, -19.5415532 ], [ 23.2847921, -19.5419263 ], [ 23.2844322, -19.5420167 ], [ 23.2842643, -19.542514 ], [ 23.2837366, -19.5428079 ], [ 23.282729, -19.5435992 ], [ 23.2817935, -19.5442547 ], [ 23.2809059, -19.5447521 ], [ 23.2803782, -19.5446843 ], [ 23.2800903, -19.5448199 ], [ 23.2801863, -19.5451364 ], [ 23.2799943, -19.5456111 ], [ 23.2795625, -19.5458598 ], [ 23.2798264, -19.5462328 ], [ 23.2802582, -19.5468206 ], [ 23.2803542, -19.5479283 ], [ 23.2803062, -19.5489229 ], [ 23.2805701, -19.5498271 ], [ 23.2815536, -19.5507314 ], [ 23.2817455, -19.5514321 ], [ 23.2820814, -19.5517712 ], [ 23.2833048, -19.5532632 ], [ 23.2847441, -19.5553881 ], [ 23.2853678, -19.5568348 ], [ 23.2858716, -19.5587788 ], [ 23.287119, -19.5605871 ], [ 23.287047, -19.5618755 ], [ 23.2863753, -19.5626667 ], [ 23.2856137, -19.5625989 ], [ 23.2846781, -19.5628701 ], [ 23.2838865, -19.5635708 ], [ 23.2830709, -19.5635934 ], [ 23.2827111, -19.5636838 ], [ 23.2821833, -19.5651079 ], [ 23.2818715, -19.5672326 ], [ 23.2818954, -19.5684532 ], [ 23.2821593, -19.5690182 ], [ 23.2822313, -19.5696511 ], [ 23.2826631, -19.57051 ], [ 23.2827111, -19.5711429 ], [ 23.2838865, -19.5720696 ], [ 23.2844862, -19.5720018 ], [ 23.2854218, -19.5725217 ], [ 23.2861174, -19.5724765 ], [ 23.2865732, -19.5725669 ], [ 23.2866452, -19.5730641 ], [ 23.2856856, -19.5743073 ], [ 23.2862854, -19.5754826 ], [ 23.2863094, -19.5762511 ], [ 23.2868131, -19.5769065 ], [ 23.2888042, -19.5786242 ], [ 23.2904114, -19.5806584 ], [ 23.2907712, -19.5820145 ], [ 23.2915629, -19.5827151 ], [ 23.2932421, -19.5833027 ], [ 23.2947294, -19.5845006 ], [ 23.2969543, -19.5854159 ], [ 23.2972182, -19.5855967 ], [ 23.2972422, -19.5857154 ], [ 23.29753, -19.5857606 ], [ 23.2977399, -19.5858736 ], [ 23.2979139, -19.5860035 ], [ 23.2980518, -19.5860826 ], [ 23.2981597, -19.5863934 ], [ 23.2981417, -19.586642 ], [ 23.2981837, -19.5867211 ], [ 23.2981238, -19.5869132 ], [ 23.2977699, -19.5879754 ], [ 23.2978059, -19.5883709 ], [ 23.2981058, -19.5892523 ], [ 23.2981777, -19.5900433 ], [ 23.2978179, -19.591049 ], [ 23.2963186, -19.59297 ], [ 23.2959108, -19.5943034 ], [ 23.2964865, -19.5952413 ], [ 23.2970151, -19.5955172 ], [ 23.2973741, -19.5957046 ], [ 23.2979498, -19.5965859 ], [ 23.297698, -19.5974673 ], [ 23.2971462, -19.5987102 ], [ 23.2971193, -19.5988161 ], [ 23.2971702, -19.6004277 ], [ 23.2971693, -19.6004259 ], [ 23.2952175, -19.6011982 ], [ 23.2922649, -19.601368 ], [ 23.2904797, -19.6029797 ], [ 23.2040846, -19.5685762 ], [ 23.2038545, -19.5681808 ], [ 23.2036399, -19.5677158 ], [ 23.2036185, -19.5674125 ], [ 23.2040905, -19.5669677 ], [ 23.2043266, -19.566624 ], [ 23.2043266, -19.5662196 ], [ 23.2042407, -19.565977 ], [ 23.2040476, -19.5658557 ], [ 23.2037258, -19.5658557 ], [ 23.2034468, -19.5658152 ], [ 23.2031464, -19.5656535 ], [ 23.2029533, -19.5652895 ], [ 23.2028889, -19.5649054 ], [ 23.20261, -19.5643595 ], [ 23.202331, -19.5639349 ], [ 23.2021164, -19.5635709 ], [ 23.2020306, -19.5629441 ], [ 23.2020735, -19.562196 ], [ 23.2020306, -19.5617108 ], [ 23.2019233, -19.5615288 ], [ 23.2015156, -19.561266 ], [ 23.2014191, -19.5609485 ], [ 23.2015156, -19.5605987 ], [ 23.2018589, -19.5601135 ], [ 23.2023954, -19.5594462 ], [ 23.20261, -19.5589609 ], [ 23.2026743, -19.5584959 ], [ 23.2026529, -19.5582533 ], [ 23.202567, -19.5580713 ], [ 23.2022452, -19.5578287 ], [ 23.2019877, -19.557586 ], [ 23.2018589, -19.5574647 ], [ 23.2018804, -19.5572018 ], [ 23.2019019, -19.5568985 ], [ 23.2018589, -19.5564739 ], [ 23.2017731, -19.5561302 ], [ 23.2014942, -19.5559078 ], [ 23.2011616, -19.5558936 ], [ 23.2006895, -19.5559138 ], [ 23.1998419, -19.5560898 ], [ 23.1989836, -19.5560695 ], [ 23.1981897, -19.5558673 ], [ 23.197031, -19.5553821 ], [ 23.1964087, -19.5549979 ], [ 23.1955718, -19.5544722 ], [ 23.1950783, -19.5541082 ], [ 23.1947886, -19.5540536 ], [ 23.194499, -19.5540475 ], [ 23.1941127, -19.5538656 ], [ 23.1932222, -19.5533156 ], [ 23.192203, -19.5527595 ], [ 23.191409, -19.5521832 ], [ 23.1911516, -19.5520255 ], [ 23.1909584, -19.5519406 ], [ 23.1906473, -19.5518739 ], [ 23.1902289, -19.5518435 ], [ 23.189789, -19.5517222 ], [ 23.189553, -19.5516413 ], [ 23.1894242, -19.5515463 ], [ 23.1893598, -19.5514654 ], [ 23.1891775, -19.5514694 ], [ 23.1890272, -19.55152 ], [ 23.1888234, -19.5515362 ], [ 23.1885123, -19.5514856 ], [ 23.1880402, -19.5512834 ], [ 23.1876432, -19.5511156 ], [ 23.1873106, -19.5509397 ], [ 23.1870424, -19.5507678 ], [ 23.1868278, -19.550691 ], [ 23.1866025, -19.5505899 ], [ 23.1863236, -19.5506202 ], [ 23.1861734, -19.5506707 ], [ 23.1857764, -19.5508082 ], [ 23.1853794, -19.5508891 ], [ 23.1851541, -19.5510853 ], [ 23.1850683, -19.5512571 ], [ 23.1850361, -19.5514998 ], [ 23.1850683, -19.5518334 ], [ 23.1849932, -19.5521367 ], [ 23.1848966, -19.5522378 ], [ 23.1846499, -19.5522884 ], [ 23.1843709, -19.5523147 ], [ 23.184092, -19.5524704 ], [ 23.1840383, -19.5526624 ], [ 23.1840062, -19.5529354 ], [ 23.1839096, -19.5530365 ], [ 23.1837594, -19.5530729 ], [ 23.1834483, -19.552901 ], [ 23.1833195, -19.5526887 ], [ 23.1832337, -19.5522479 ], [ 23.1830835, -19.5520558 ], [ 23.1828796, -19.5519244 ], [ 23.1826758, -19.5518739 ], [ 23.1825041, -19.5518941 ], [ 23.1822681, -19.5519911 ], [ 23.1820642, -19.5521772 ], [ 23.1818926, -19.5524663 ], [ 23.1816887, -19.5525674 ], [ 23.1814205, -19.5525674 ], [ 23.1812274, -19.5524663 ], [ 23.1808411, -19.5519305 ], [ 23.1805944, -19.5514796 ], [ 23.1804764, -19.5513785 ], [ 23.1803583, -19.5513785 ], [ 23.1802403, -19.551429 ], [ 23.1800901, -19.5514654 ], [ 23.1799721, -19.5513845 ], [ 23.179779, -19.551156 ], [ 23.1795859, -19.5504645 ], [ 23.1794035, -19.5501349 ], [ 23.1790065, -19.5499185 ], [ 23.1784915, -19.549781 ], [ 23.1779873, -19.5497406 ], [ 23.1777191, -19.5496557 ], [ 23.1772148, -19.5493321 ], [ 23.1759703, -19.5486547 ], [ 23.1748866, -19.5479066 ], [ 23.1736314, -19.5470512 ], [ 23.1723546, -19.5461615 ], [ 23.1719641, -19.5458526 ], [ 23.1716573, -19.5458036 ], [ 23.1712174, -19.5458036 ], [ 23.1706809, -19.5458278 ], [ 23.1698012, -19.5458986 ], [ 23.1692969, -19.5458642 ], [ 23.1688356, -19.545747 ], [ 23.1685459, -19.5455852 ], [ 23.1682562, -19.5454093 ], [ 23.1680846, -19.5453729 ], [ 23.1678914, -19.5454639 ], [ 23.1676769, -19.5457126 ], [ 23.1673121, -19.5462383 ], [ 23.1671082, -19.5464648 ], [ 23.1669151, -19.5465315 ], [ 23.1665718, -19.5464446 ], [ 23.1661534, -19.5462383 ], [ 23.1657564, -19.5460402 ], [ 23.1655955, -19.5458137 ], [ 23.1655311, -19.5455609 ], [ 23.1654345, -19.5452778 ], [ 23.1653165, -19.5451403 ], [ 23.165059, -19.5449988 ], [ 23.1643402, -19.5447622 ], [ 23.1635033, -19.5445438 ], [ 23.1629669, -19.5442809 ], [ 23.162409, -19.543832 ], [ 23.1618082, -19.5431849 ], [ 23.1612503, -19.5424569 ], [ 23.1611001, -19.5422446 ], [ 23.1608962, -19.5421637 ], [ 23.1606602, -19.5421577 ], [ 23.1603705, -19.5421637 ], [ 23.1601345, -19.5421536 ], [ 23.1600594, -19.5420525 ], [ 23.1600165, -19.5418442 ], [ 23.1599199, -19.5416177 ], [ 23.1597268, -19.5413852 ], [ 23.1593298, -19.5410111 ], [ 23.1589221, -19.5407725 ], [ 23.1586325, -19.5405965 ], [ 23.1582033, -19.5405359 ], [ 23.1577205, -19.5405601 ], [ 23.1572162, -19.5405298 ], [ 23.1568407, -19.540455 ], [ 23.1565403, -19.540364 ], [ 23.1564438, -19.5402629 ], [ 23.1564223, -19.5398584 ], [ 23.1563472, -19.5393671 ], [ 23.1563901, -19.5391305 ], [ 23.1565403, -19.5390132 ], [ 23.1568837, -19.5389727 ], [ 23.157066, -19.5389586 ], [ 23.1573128, -19.5387604 ], [ 23.1574416, -19.5385642 ], [ 23.1574845, -19.5383115 ], [ 23.1574416, -19.5381133 ], [ 23.157345, -19.5377998 ], [ 23.1567764, -19.5367139 ], [ 23.1565832, -19.5364915 ], [ 23.1563687, -19.5363904 ], [ 23.1561434, -19.5363641 ], [ 23.1558537, -19.5363297 ], [ 23.1555318, -19.5363095 ], [ 23.1550812, -19.5363034 ], [ 23.1548344, -19.5362933 ], [ 23.1546199, -19.5361072 ], [ 23.1544482, -19.5357776 ], [ 23.1544268, -19.535541 ], [ 23.1545019, -19.5353327 ], [ 23.1546521, -19.5351305 ], [ 23.154931, -19.5348878 ], [ 23.1552207, -19.5346047 ], [ 23.1553923, -19.5344025 ], [ 23.1554782, -19.5340587 ], [ 23.1555426, -19.5335228 ], [ 23.1555533, -19.5328049 ], [ 23.1555426, -19.532538 ], [ 23.1554353, -19.5323863 ], [ 23.1552421, -19.5322649 ], [ 23.1550276, -19.5321739 ], [ 23.1546306, -19.5321375 ], [ 23.1542122, -19.5321274 ], [ 23.1539547, -19.5319818 ], [ 23.1537294, -19.5316583 ], [ 23.1537186, -19.5313347 ], [ 23.1538474, -19.5309707 ], [ 23.1539976, -19.5307118 ], [ 23.1541049, -19.5304489 ], [ 23.1541049, -19.5302062 ], [ 23.154062, -19.5299292 ], [ 23.1539547, -19.5296966 ], [ 23.1536543, -19.5294641 ], [ 23.153429, -19.5294034 ], [ 23.1531178, -19.5294074 ], [ 23.1527852, -19.5295187 ], [ 23.1519269, -19.5300404 ], [ 23.1514763, -19.5302426 ], [ 23.1511759, -19.5303478 ], [ 23.1509721, -19.5303336 ], [ 23.150736, -19.5301921 ], [ 23.1505322, -19.5299636 ], [ 23.1502961, -19.5295348 ], [ 23.1500601, -19.5286592 ], [ 23.1499636, -19.5281131 ], [ 23.1499957, -19.5277491 ], [ 23.1500923, -19.5275671 ], [ 23.1503498, -19.5273143 ], [ 23.1505858, -19.5271626 ], [ 23.1507253, -19.5270271 ], [ 23.1507468, -19.5269301 ], [ 23.150736, -19.526744 ], [ 23.1506824, -19.5265357 ], [ 23.1505322, -19.5263496 ], [ 23.1503176, -19.526202 ], [ 23.1498241, -19.5259796 ], [ 23.1491374, -19.5257429 ], [ 23.1480109, -19.5252373 ], [ 23.1468093, -19.5245841 ], [ 23.1456398, -19.5238358 ], [ 23.1453072, -19.5236538 ], [ 23.1451678, -19.5235123 ], [ 23.1451141, -19.5233707 ], [ 23.1450927, -19.5231745 ], [ 23.1449854, -19.5229824 ], [ 23.1448244, -19.5228145 ], [ 23.1447172, -19.5226891 ], [ 23.1444167, -19.5224869 ], [ 23.1442451, -19.5223494 ], [ 23.144052, -19.5220865 ], [ 23.1438374, -19.5217993 ], [ 23.1436657, -19.5215505 ], [ 23.143537, -19.5214393 ], [ 23.1432473, -19.5214393 ], [ 23.1429576, -19.5214797 ], [ 23.1426679, -19.5216719 ], [ 23.1424641, -19.5219307 ], [ 23.1422066, -19.5225071 ], [ 23.1420135, -19.5228044 ], [ 23.1416916, -19.5230977 ], [ 23.1414341, -19.5232352 ], [ 23.1411766, -19.5232655 ], [ 23.1410479, -19.523219 ], [ 23.1408226, -19.5230329 ], [ 23.1406938, -19.5229217 ], [ 23.1405436, -19.5229359 ], [ 23.1403612, -19.5230774 ], [ 23.1401896, -19.5232999 ], [ 23.1401038, -19.523583 ], [ 23.1403505, -19.5243515 ], [ 23.14049, -19.524847 ], [ 23.1404256, -19.5251403 ], [ 23.1402861, -19.5253385 ], [ 23.1399643, -19.5254699 ], [ 23.1396317, -19.5255953 ], [ 23.139342, -19.5257975 ], [ 23.1389558, -19.5261616 ], [ 23.1388163, -19.5262485 ], [ 23.1386232, -19.5263496 ], [ 23.1385695, -19.5265256 ], [ 23.1385159, -19.5267278 ], [ 23.138355, -19.5268492 ], [ 23.1381618, -19.5268957 ], [ 23.1378829, -19.5268997 ], [ 23.1375074, -19.5268188 ], [ 23.1371855, -19.5267743 ], [ 23.136928, -19.5268492 ], [ 23.1367349, -19.5268856 ], [ 23.1365418, -19.5268856 ], [ 23.1364345, -19.5268997 ], [ 23.1363165, -19.527102 ], [ 23.1362092, -19.5271788 ], [ 23.1360268, -19.5271829 ], [ 23.13578, -19.5272233 ], [ 23.1357157, -19.527375 ], [ 23.1356727, -19.5275267 ], [ 23.1354689, -19.5276136 ], [ 23.1351578, -19.5276581 ], [ 23.1348895, -19.5277491 ], [ 23.1345999, -19.5279109 ], [ 23.1344067, -19.5280525 ], [ 23.134396, -19.5281839 ], [ 23.1344818, -19.5283255 ], [ 23.1345033, -19.5285378 ], [ 23.134396, -19.5287805 ], [ 23.1342136, -19.5289221 ], [ 23.1340312, -19.5290131 ], [ 23.1337845, -19.5290232 ], [ 23.1334948, -19.5290191 ], [ 23.1332588, -19.5290232 ], [ 23.1330549, -19.5289827 ], [ 23.1329369, -19.5289827 ], [ 23.1328189, -19.5290232 ], [ 23.1326365, -19.5292012 ], [ 23.1323146, -19.5295995 ], [ 23.1322181, -19.5300242 ], [ 23.1320357, -19.530732 ], [ 23.1317031, -19.5314398 ], [ 23.131231, -19.5322184 ], [ 23.1307589, -19.5327543 ], [ 23.1303727, -19.5330981 ], [ 23.129965, -19.5333105 ], [ 23.1296324, -19.5333671 ], [ 23.1293427, -19.5334621 ], [ 23.1293105, -19.533634 ], [ 23.1292569, -19.5341194 ], [ 23.1292033, -19.5345097 ], [ 23.1290316, -19.534817 ], [ 23.1287205, -19.5350496 ], [ 23.1281733, -19.5352721 ], [ 23.1279694, -19.5354399 ], [ 23.1277656, -19.5358181 ], [ 23.1275832, -19.5362326 ], [ 23.1275832, -19.5364146 ], [ 23.1275939, -19.5366067 ], [ 23.1275832, -19.536809 ], [ 23.1274974, -19.5369566 ], [ 23.127315, -19.5369667 ], [ 23.1264781, -19.5367645 ], [ 23.126049, -19.5366532 ], [ 23.1258237, -19.536627 ], [ 23.1255662, -19.536627 ], [ 23.1251799, -19.5367746 ], [ 23.124665, -19.5369 ], [ 23.1242573, -19.5369465 ], [ 23.1239461, -19.5369465 ], [ 23.1235492, -19.5368959 ], [ 23.1232273, -19.5368959 ], [ 23.1230449, -19.5369262 ], [ 23.1229805, -19.5370112 ], [ 23.1229162, -19.5371932 ], [ 23.1228303, -19.537446 ], [ 23.1226909, -19.5375774 ], [ 23.1224548, -19.5376077 ], [ 23.1220364, -19.5376482 ], [ 23.1218755, -19.5376381 ], [ 23.1216823, -19.5374722 ], [ 23.1215643, -19.5373246 ], [ 23.121457, -19.5372801 ], [ 23.121221, -19.5373004 ], [ 23.1208455, -19.537537 ], [ 23.1203305, -19.538174 ], [ 23.1198155, -19.5391952 ], [ 23.1196439, -19.5393873 ], [ 23.1194507, -19.5394237 ], [ 23.1192147, -19.5394277 ], [ 23.1189679, -19.5394075 ], [ 23.1187319, -19.5394479 ], [ 23.1184744, -19.5396502 ], [ 23.1182598, -19.5398322 ], [ 23.11782, -19.5399899 ], [ 23.1173586, -19.5401052 ], [ 23.1171011, -19.5401213 ], [ 23.116908, -19.5400202 ], [ 23.1168222, -19.5398787 ], [ 23.1168115, -19.539636 ], [ 23.1167256, -19.5394682 ], [ 23.1165325, -19.5394035 ], [ 23.1162718, -19.5393468 ], [ 23.1155025, -19.5391911 ], [ 23.115127, -19.5390698 ], [ 23.1147515, -19.5387867 ], [ 23.1145155, -19.5386391 ], [ 23.1142365, -19.5385946 ], [ 23.1137966, -19.5386492 ], [ 23.1129169, -19.5387968 ], [ 23.1124877, -19.5388979 ], [ 23.1121444, -19.5388676 ], [ 23.1119513, -19.5386997 ], [ 23.1117689, -19.5383924 ], [ 23.1116294, -19.5382306 ], [ 23.1113934, -19.5381032 ], [ 23.1108891, -19.5381133 ], [ 23.1105673, -19.5382852 ], [ 23.1102883, -19.5385784 ], [ 23.1100308, -19.5389383 ], [ 23.1096339, -19.5389626 ], [ 23.1092047, -19.5389727 ], [ 23.1087863, -19.5389929 ], [ 23.1085395, -19.5390496 ], [ 23.1082713, -19.5391102 ], [ 23.1080138, -19.5392255 ], [ 23.1078529, -19.5392154 ], [ 23.1076383, -19.5390293 ], [ 23.1074023, -19.5387665 ], [ 23.1071019, -19.5385238 ], [ 23.1069731, -19.5384126 ], [ 23.1069731, -19.5381598 ], [ 23.1069409, -19.5377048 ], [ 23.10678, -19.5368292 ], [ 23.1068336, -19.5363944 ], [ 23.1069087, -19.5361214 ], [ 23.1071233, -19.5358747 ], [ 23.1073379, -19.5357068 ], [ 23.1074452, -19.5355713 ], [ 23.1075096, -19.5353732 ], [ 23.1075417, -19.5348636 ], [ 23.107531, -19.5344834 ], [ 23.1075954, -19.5341396 ], [ 23.1076383, -19.533903 ], [ 23.1077134, -19.5335734 ], [ 23.1077134, -19.5332559 ], [ 23.107649, -19.5330435 ], [ 23.1075096, -19.5328211 ], [ 23.1072413, -19.5325319 ], [ 23.1068122, -19.5321942 ], [ 23.1064152, -19.5318746 ], [ 23.106265, -19.5316825 ], [ 23.1062114, -19.5314196 ], [ 23.1063723, -19.5311668 ], [ 23.1065869, -19.5309444 ], [ 23.1067693, -19.5305359 ], [ 23.1067478, -19.5302528 ], [ 23.1067049, -19.5299292 ], [ 23.1066405, -19.5296461 ], [ 23.1064796, -19.5294479 ], [ 23.1063079, -19.5293468 ], [ 23.1060719, -19.5292659 ], [ 23.1057071, -19.5292254 ], [ 23.1051492, -19.5292558 ], [ 23.1045591, -19.529276 ], [ 23.103851, -19.5291951 ], [ 23.1031322, -19.529094 ], [ 23.1025957, -19.5289929 ], [ 23.1022202, -19.5289888 ], [ 23.1019627, -19.529094 ], [ 23.1014048, -19.5295187 ], [ 23.1011044, -19.5297876 ], [ 23.1006753, -19.5298523 ], [ 23.1005144, -19.5298281 ], [ 23.1002247, -19.5297007 ], [ 23.1000316, -19.5295449 ], [ 23.0998706, -19.5294034 ], [ 23.0996882, -19.5292153 ], [ 23.0995166, -19.5289484 ], [ 23.0994093, -19.5286288 ], [ 23.0992913, -19.528376 ], [ 23.0991089, -19.5283053 ], [ 23.0988192, -19.5283315 ], [ 23.0985188, -19.5284974 ], [ 23.0981969, -19.5287502 ], [ 23.0979072, -19.5289524 ], [ 23.0975746, -19.5289726 ], [ 23.0973708, -19.5289382 ], [ 23.0969953, -19.5286551 ], [ 23.0968022, -19.5284873 ], [ 23.0965661, -19.5283963 ], [ 23.096373, -19.5283518 ], [ 23.0960619, -19.5283518 ], [ 23.0957507, -19.5284266 ], [ 23.0950426, -19.5286996 ], [ 23.0946457, -19.5288068 ], [ 23.0942916, -19.5288311 ], [ 23.0937766, -19.5286794 ], [ 23.0933368, -19.5285378 ], [ 23.0927896, -19.5284772 ], [ 23.0921995, -19.5284064 ], [ 23.0915772, -19.5284933 ], [ 23.0909442, -19.5286147 ], [ 23.0904507, -19.5287664 ], [ 23.0900752, -19.5288816 ], [ 23.0895173, -19.5288978 ], [ 23.0891311, -19.5287906 ], [ 23.0887663, -19.5285237 ], [ 23.088541, -19.5283315 ], [ 23.0881869, -19.5282648 ], [ 23.0879402, -19.5282608 ], [ 23.0876827, -19.5283356 ], [ 23.0874144, -19.5285378 ], [ 23.0871677, -19.5288614 ], [ 23.0868565, -19.5290839 ], [ 23.0862557, -19.5292558 ], [ 23.0856442, -19.5293771 ], [ 23.085097, -19.5294277 ], [ 23.0846679, -19.5293832 ], [ 23.0840241, -19.5292254 ], [ 23.0838203, -19.5292113 ], [ 23.0837345, -19.529276 ], [ 23.0836379, -19.529549 ], [ 23.0835842, -19.5299332 ], [ 23.0835413, -19.5303336 ], [ 23.0834233, -19.5305703 ], [ 23.0832302, -19.5307624 ], [ 23.0831444, -19.5310111 ], [ 23.0829405, -19.5312983 ], [ 23.0826616, -19.5315571 ], [ 23.0824792, -19.5317897 ], [ 23.0822861, -19.532178 ], [ 23.0821466, -19.5325278 ], [ 23.0819857, -19.532724 ], [ 23.0817389, -19.5327503 ], [ 23.0815136, -19.5327604 ], [ 23.0813205, -19.5327705 ], [ 23.0811703, -19.5328757 ], [ 23.0809342, -19.5330375 ], [ 23.0805909, -19.5331992 ], [ 23.0798935, -19.5333266 ], [ 23.0794966, -19.5333408 ], [ 23.0791103, -19.5333206 ], [ 23.0787777, -19.5333105 ], [ 23.0784451, -19.5333368 ], [ 23.0780589, -19.5334379 ], [ 23.0772971, -19.5335996 ], [ 23.076353, -19.5337614 ], [ 23.0760526, -19.5338565 ], [ 23.0758595, -19.5338828 ], [ 23.0756342, -19.5338666 ], [ 23.0751836, -19.5338969 ], [ 23.0750334, -19.5339374 ], [ 23.0749797, -19.533994 ], [ 23.074851, -19.53418 ], [ 23.0745291, -19.5344733 ], [ 23.0744218, -19.5346755 ], [ 23.0743574, -19.5348737 ], [ 23.0740249, -19.5352619 ], [ 23.073585, -19.5357271 ], [ 23.0734455, -19.5358686 ], [ 23.0732416, -19.5358686 ], [ 23.07307, -19.5358646 ], [ 23.0728554, -19.5359394 ], [ 23.0727159, -19.5360061 ], [ 23.0726086, -19.5360162 ], [ 23.0724799, -19.5359495 ], [ 23.0724048, -19.5357736 ], [ 23.0722761, -19.5355107 ], [ 23.0721902, -19.5354136 ], [ 23.0721044, -19.5353995 ], [ 23.0719864, -19.5354844 ], [ 23.0719435, -19.5355612 ], [ 23.0718254, -19.5357068 ], [ 23.0716645, -19.5358181 ], [ 23.0714714, -19.5359192 ], [ 23.0713212, -19.5359596 ], [ 23.0712246, -19.5360304 ], [ 23.0710852, -19.5361517 ], [ 23.0709671, -19.5362286 ], [ 23.0707526, -19.536269 ], [ 23.0705809, -19.5363095 ], [ 23.0703127, -19.5364652 ], [ 23.0701517, -19.5366067 ], [ 23.070023, -19.5368191 ], [ 23.0699586, -19.5371628 ], [ 23.0699586, -19.5373853 ], [ 23.0699157, -19.5376482 ], [ 23.0697226, -19.5378201 ], [ 23.0694544, -19.5379111 ], [ 23.0692183, -19.5380728 ], [ 23.0691218, -19.5382751 ], [ 23.0690574, -19.5384631 ], [ 23.0692398, -19.5385076 ], [ 23.0694115, -19.5384571 ], [ 23.0697226, -19.5384227 ], [ 23.0698084, -19.5384874 ], [ 23.0697977, -19.5385986 ], [ 23.0696475, -19.5387806 ], [ 23.069626, -19.5389727 ], [ 23.0697119, -19.5391446 ], [ 23.0698835, -19.5392761 ], [ 23.0700123, -19.5393671 ], [ 23.0700659, -19.5395491 ], [ 23.0699372, -19.5400546 ], [ 23.0697655, -19.540546 ], [ 23.0696582, -19.5407421 ], [ 23.0694436, -19.540914 ], [ 23.0690789, -19.5411162 ], [ 23.068875, -19.5412376 ], [ 23.0686712, -19.5412841 ], [ 23.0684029, -19.5413387 ], [ 23.0682206, -19.5414297 ], [ 23.0681133, -19.5416016 ], [ 23.0680596, -19.5418038 ], [ 23.0680167, -19.5419251 ], [ 23.0679201, -19.542002 ], [ 23.0677807, -19.542002 ], [ 23.0676197, -19.5419352 ], [ 23.0675125, -19.541824 ], [ 23.0672979, -19.5415267 ], [ 23.0671262, -19.5414701 ], [ 23.0668794, -19.5414398 ], [ 23.066622, -19.5414499 ], [ 23.0664181, -19.5414802 ], [ 23.0661177, -19.5416481 ], [ 23.0659353, -19.5416521 ], [ 23.0657851, -19.5416117 ], [ 23.0656564, -19.5415106 ], [ 23.0654847, -19.5413286 ], [ 23.0652701, -19.5408837 ], [ 23.0651092, -19.5407017 ], [ 23.0649268, -19.5406006 ], [ 23.0646908, -19.5405359 ], [ 23.0643796, -19.5405359 ], [ 23.0637681, -19.5406471 ], [ 23.0630707, -19.540732 ], [ 23.0627381, -19.5407988 ], [ 23.0624377, -19.5409808 ], [ 23.0622446, -19.5411729 ], [ 23.0620837, -19.5414398 ], [ 23.0619549, -19.5415611 ], [ 23.0618154, -19.5416279 ], [ 23.0616223, -19.5416218 ], [ 23.0613219, -19.5414863 ], [ 23.0609464, -19.5411931 ], [ 23.0606353, -19.5407988 ], [ 23.0602168, -19.5404388 ], [ 23.0596804, -19.5402063 ], [ 23.059262, -19.5399292 ], [ 23.0589616, -19.539636 ], [ 23.0583608, -19.5391042 ], [ 23.0581033, -19.5388312 ], [ 23.0580389, -19.5386795 ], [ 23.0580389, -19.5385177 ], [ 23.0580925, -19.5383357 ], [ 23.0580603, -19.53818 ], [ 23.057996, -19.5380122 ], [ 23.0578672, -19.5378605 ], [ 23.057717, -19.5377351 ], [ 23.0574595, -19.537634 ], [ 23.0571913, -19.537634 ], [ 23.0569338, -19.5377088 ], [ 23.0567407, -19.5379212 ], [ 23.0565369, -19.5383155 ], [ 23.0561506, -19.538544 ], [ 23.0557751, -19.5386957 ], [ 23.0553781, -19.5387563 ], [ 23.0549383, -19.5387907 ], [ 23.0545091, -19.5387806 ], [ 23.0540907, -19.5386957 ], [ 23.0537152, -19.5385986 ], [ 23.0532753, -19.5384975 ], [ 23.0530178, -19.5384732 ], [ 23.0528354, -19.5385076 ], [ 23.0526852, -19.5386391 ], [ 23.0524921, -19.5389525 ], [ 23.052138, -19.5392963 ], [ 23.0517303, -19.5394945 ], [ 23.0513119, -19.5396562 ], [ 23.0505931, -19.539818 ], [ 23.0500352, -19.5399333 ], [ 23.0496489, -19.5399393 ], [ 23.0495202, -19.5399798 ], [ 23.0494808, -19.5400361 ], [ 23.049097, -19.5395501 ], [ 23.0488571, -19.5395727 ], [ 23.0486052, -19.5394823 ], [ 23.0482454, -19.5391884 ], [ 23.0480775, -19.5391319 ], [ 23.0475017, -19.539211 ], [ 23.046926, -19.5397536 ], [ 23.0466501, -19.5396914 ], [ 23.0464342, -19.5398722 ], [ 23.0460264, -19.5397931 ], [ 23.0456786, -19.5396123 ], [ 23.0452948, -19.5395557 ], [ 23.0451149, -19.5393184 ], [ 23.0447431, -19.5392958 ], [ 23.0445152, -19.5389906 ], [ 23.0444552, -19.5387871 ], [ 23.0443232, -19.5386175 ], [ 23.0439034, -19.5386515 ], [ 23.0433397, -19.5387306 ], [ 23.0430878, -19.5382106 ], [ 23.0428959, -19.5379393 ], [ 23.0425841, -19.5379619 ], [ 23.0425241, -19.5383915 ], [ 23.0425001, -19.5385271 ], [ 23.0421763, -19.5385723 ], [ 23.0418404, -19.5386741 ], [ 23.0416365, -19.5390245 ], [ 23.0414686, -19.5390019 ], [ 23.0412767, -19.5385271 ], [ 23.0413966, -19.537928 ], [ 23.0410968, -19.5376793 ], [ 23.040545, -19.5377585 ], [ 23.0402692, -19.5372272 ], [ 23.0396814, -19.5366959 ], [ 23.0396335, -19.5363907 ], [ 23.0393936, -19.5361646 ], [ 23.0391657, -19.5363907 ], [ 23.0386739, -19.5360516 ], [ 23.0377863, -19.5357803 ], [ 23.0374385, -19.535396 ], [ 23.0371147, -19.5350342 ], [ 23.0368508, -19.5349325 ], [ 23.0366109, -19.5348986 ], [ 23.0365509, -19.5347177 ], [ 23.0366949, -19.5345369 ], [ 23.0370427, -19.5344238 ], [ 23.0370907, -19.534096 ], [ 23.0369348, -19.533723 ], [ 23.0366709, -19.5334291 ], [ 23.036311, -19.5336326 ], [ 23.0359752, -19.5334404 ], [ 23.0356753, -19.5329882 ], [ 23.0355554, -19.5326152 ], [ 23.0353395, -19.5326491 ], [ 23.0351596, -19.5328978 ], [ 23.0348717, -19.5329882 ], [ 23.0344159, -19.5327508 ], [ 23.034224, -19.5324569 ], [ 23.0339242, -19.5321969 ], [ 23.0337083, -19.5321291 ], [ 23.0333844, -19.5317335 ], [ 23.0335284, -19.5313717 ], [ 23.0336363, -19.5310778 ], [ 23.0334324, -19.5307726 ], [ 23.0332645, -19.5306709 ], [ 23.0331565, -19.5304448 ], [ 23.0331685, -19.5300718 ], [ 23.0329646, -19.5298118 ], [ 23.0328207, -19.5292466 ], [ 23.0328807, -19.5287605 ], [ 23.0330846, -19.5278448 ], [ 23.0327727, -19.5275622 ], [ 23.032113, -19.5274379 ], [ 23.0318132, -19.5266918 ], [ 23.0315853, -19.5264205 ], [ 23.0311655, -19.5261491 ], [ 23.0311415, -19.525697 ], [ 23.0314054, -19.525177 ], [ 23.0314054, -19.5249509 ], [ 23.0312974, -19.52477 ], [ 23.0310695, -19.52477 ], [ 23.0305178, -19.5250865 ], [ 23.0301819, -19.5250865 ], [ 23.030086, -19.524883 ], [ 23.030062, -19.5242048 ], [ 23.0303379, -19.5239447 ], [ 23.0307457, -19.5236282 ], [ 23.0305538, -19.5233004 ], [ 23.0303259, -19.5231873 ], [ 23.0299541, -19.523323 ], [ 23.0295702, -19.5232665 ], [ 23.0292224, -19.5227125 ], [ 23.0289345, -19.5220399 ], [ 23.0286827, -19.5217234 ], [ 23.0284308, -19.521339 ], [ 23.0284548, -19.5209546 ], [ 23.0283468, -19.5206155 ], [ 23.0284068, -19.5204572 ], [ 23.0287426, -19.5203555 ], [ 23.0291744, -19.5205703 ], [ 23.0294743, -19.5204911 ], [ 23.0297022, -19.5202876 ], [ 23.0295822, -19.5193946 ], [ 23.0293543, -19.5190893 ], [ 23.0284668, -19.5191345 ], [ 23.0283708, -19.5189424 ], [ 23.0284188, -19.5185354 ], [ 23.0281789, -19.5181736 ], [ 23.0276631, -19.518004 ], [ 23.0274353, -19.5174953 ], [ 23.0274353, -19.5170092 ], [ 23.0273993, -19.5161274 ], [ 23.0272793, -19.5155169 ], [ 23.0268355, -19.5149742 ], [ 23.0262358, -19.5145786 ], [ 23.0262238, -19.5141377 ], [ 23.0263558, -19.5136628 ], [ 23.0268115, -19.5132897 ], [ 23.0269915, -19.5119331 ], [ 23.0269315, -19.5109947 ], [ 23.0267156, -19.5096833 ], [ 23.0268715, -19.5092197 ], [ 23.0284668, -19.5084849 ], [ 23.0287906, -19.5081796 ], [ 23.0285987, -19.5077839 ], [ 23.0274832, -19.5071225 ], [ 23.0265357, -19.5062689 ], [ 23.0260439, -19.5060598 ], [ 23.0252523, -19.5062746 ], [ 23.0250664, -19.5064442 ], [ 23.0247605, -19.5064781 ], [ 23.0243347, -19.5062887 ], [ 23.0240349, -19.5062774 ], [ 23.023789, -19.5060965 ], [ 23.0232552, -19.50604 ], [ 23.0224396, -19.5060174 ], [ 23.0221398, -19.5059382 ], [ 23.0213361, -19.5056471 ], [ 23.0209373, -19.505568 ], [ 23.0205925, -19.5054719 ], [ 23.0201157, -19.5055482 ], [ 23.0197919, -19.505633 ], [ 23.019426, -19.5057997 ], [ 23.0192371, -19.5057319 ], [ 23.0191922, -19.5055962 ], [ 23.0189972, -19.5054153 ], [ 23.0187664, -19.5053221 ], [ 23.0177918, -19.5055567 ], [ 23.017408, -19.505681 ], [ 23.017342, -19.5056612 ], [ 23.0170272, -19.5055567 ], [ 23.0166014, -19.5055058 ], [ 23.0163945, -19.5054309 ], [ 23.0163075, -19.5051737 ], [ 23.0159897, -19.5050832 ], [ 23.0156628, -19.505168 ], [ 23.01527, -19.5053461 ], [ 23.0148322, -19.5053687 ], [ 23.0145594, -19.5055185 ], [ 23.0142715, -19.505722 ], [ 23.0139956, -19.5062534 ], [ 23.0136598, -19.5066152 ], [ 23.013168, -19.5066152 ], [ 23.0124364, -19.5064117 ], [ 23.0115488, -19.5063778 ], [ 23.0111889, -19.5062534 ], [ 23.0108651, -19.5058464 ], [ 23.0101454, -19.5057672 ], [ 23.0096297, -19.5060047 ], [ 23.0091979, -19.5057785 ], [ 23.0087781, -19.5052245 ], [ 23.0083823, -19.5050437 ], [ 23.0080464, -19.5048062 ], [ 23.0077586, -19.5042748 ], [ 23.0078545, -19.5038678 ], [ 23.0077346, -19.5035286 ], [ 23.0069669, -19.5036191 ], [ 23.0065112, -19.503506 ], [ 23.0059594, -19.5030086 ], [ 23.0035846, -19.5027146 ], [ 23.0020733, -19.5009734 ], [ 23.0020493, -19.5002725 ], [ 22.9568794, -19.5176621 ], [ 22.7970319, -19.4384228 ], [ 22.7879402, -19.4356743 ], [ 22.7836942, -19.4349504 ], [ 22.7793643, -19.4342379 ], [ 22.7549266, -19.4270576 ], [ 22.754692, -19.4267951 ], [ 22.754548, -19.4255169 ], [ 22.7541042, -19.4246572 ], [ 22.7536365, -19.4237297 ], [ 22.7529648, -19.4231188 ], [ 22.7520449, -19.422552 ], [ 22.7506799, -19.4199773 ], [ 22.7495424, -19.4187615 ], [ 22.7464759, -19.4176948 ], [ 22.7451085, -19.4176495 ], [ 22.7437031, -19.4184039 ], [ 22.7414281, -19.4191191 ], [ 22.7388498, -19.4184039 ], [ 22.7359681, -19.4157576 ], [ 22.7342997, -19.4126822 ], [ 22.733238, -19.4068887 ], [ 22.7342239, -19.4046714 ], [ 22.7330105, -19.4028833 ], [ 22.730508, -19.4015242 ], [ 22.7293705, -19.3970179 ], [ 22.726868, -19.394872 ], [ 22.7261096, -19.3935129 ], [ 22.7255788, -19.3893641 ], [ 22.7251996, -19.3877188 ], [ 22.724593, -19.3862166 ], [ 22.723683, -19.3832121 ], [ 22.7219388, -19.3809229 ], [ 22.7218885, -19.3807893 ], [ 22.7211046, -19.3787053 ], [ 22.7189812, -19.3777038 ], [ 22.7157204, -19.3787053 ], [ 22.7139762, -19.3797068 ], [ 22.7126112, -19.3821391 ], [ 22.711322, -19.382926 ], [ 22.7056344, -19.3837129 ], [ 22.7051794, -19.383069 ], [ 22.7049519, -19.3799214 ], [ 22.7034353, -19.3757722 ], [ 22.6981269, -19.3772388 ], [ 22.6953969, -19.3765949 ], [ 22.6978235, -19.3751641 ], [ 22.6981269, -19.3733756 ], [ 22.6977477, -19.3718733 ], [ 22.6979933, -19.3713825 ], [ 22.6978332, -19.3709295 ], [ 22.6964993, -19.3701242 ], [ 22.695699, -19.3687652 ], [ 22.6957524, -19.3647887 ], [ 22.6955923, -19.364235 ], [ 22.6939383, -19.364235 ], [ 22.6930847, -19.3637316 ], [ 22.6929246, -19.3625739 ], [ 22.6921777, -19.3615168 ], [ 22.6890831, -19.3614162 ], [ 22.6874825, -19.3592013 ], [ 22.6874825, -19.3562818 ], [ 22.6873758, -19.3548219 ], [ 22.6883895, -19.3519526 ], [ 22.6856685, -19.3474723 ], [ 22.6848682, -19.3420858 ], [ 22.6852416, -19.3375045 ], [ 22.6855618, -19.3354404 ], [ 22.6830008, -19.3355914 ], [ 22.6826807, -19.3343832 ], [ 22.6848148, -19.332168 ], [ 22.6840145, -19.3311107 ], [ 22.6815602, -19.330859 ], [ 22.6794261, -19.3293486 ], [ 22.6772919, -19.3277878 ], [ 22.6735571, -19.3267809 ], [ 22.6705159, -19.3254215 ], [ 22.6695022, -19.3240621 ], [ 22.667955, -19.3221992 ], [ 22.6667652, -19.3217451 ], [ 22.6835805, -19.3164825 ], [ 22.7060488, -19.3169405 ], [ 22.7063005, -19.3168048 ], [ 22.7063903, -19.3165758 ], [ 22.7065251, -19.3163892 ], [ 22.7063634, -19.3162789 ], [ 22.7060938, -19.3162789 ], [ 22.705887, -19.3160838 ], [ 22.7058691, -19.315804 ], [ 22.7059949, -19.315575 ], [ 22.7059859, -19.3152611 ], [ 22.7057073, -19.3150152 ], [ 22.7055186, -19.3150491 ], [ 22.7053568, -19.3151933 ], [ 22.705204, -19.3152357 ], [ 22.7050153, -19.3151848 ], [ 22.7048895, -19.3150321 ], [ 22.7048086, -19.3148455 ], [ 22.7046558, -19.3147014 ], [ 22.7044311, -19.3147353 ], [ 22.7042244, -19.314871 ], [ 22.7039278, -19.3149304 ], [ 22.7039008, -19.3150745 ], [ 22.7039907, -19.3151509 ], [ 22.7041435, -19.3152103 ], [ 22.7043862, -19.3152103 ], [ 22.7045479, -19.3152527 ], [ 22.7045839, -19.3154223 ], [ 22.7043862, -19.315575 ], [ 22.7042244, -19.3155665 ], [ 22.7041795, -19.3156852 ], [ 22.70382, -19.3158124 ], [ 22.7035369, -19.315664 ], [ 22.7030965, -19.3153587 ], [ 22.7026471, -19.3152739 ], [ 22.7024179, -19.3148837 ], [ 22.7021843, -19.3147353 ], [ 22.7017933, -19.314659 ], [ 22.701344, -19.3145699 ], [ 22.7011822, -19.3144893 ], [ 22.7010114, -19.3144724 ], [ 22.7005486, -19.3146038 ], [ 22.7003553, -19.314519 ], [ 22.7002565, -19.3144172 ], [ 22.7001172, -19.3140356 ], [ 22.6999734, -19.3137599 ], [ 22.6997487, -19.3135161 ], [ 22.6994117, -19.3134058 ], [ 22.6991106, -19.3132956 ], [ 22.6989758, -19.3131768 ], [ 22.698841, -19.3128206 ], [ 22.6987197, -19.3126679 ], [ 22.6983062, -19.3123753 ], [ 22.6981624, -19.312299 ], [ 22.6976816, -19.3122141 ], [ 22.6975513, -19.3121548 ], [ 22.6974255, -19.3120657 ], [ 22.6973086, -19.3118622 ], [ 22.6973491, -19.3116798 ], [ 22.6974165, -19.3114169 ], [ 22.6973581, -19.3112303 ], [ 22.6972143, -19.3111031 ], [ 22.6970166, -19.3110479 ], [ 22.6969042, -19.3109504 ], [ 22.6968773, -19.3108348 ], [ 22.6968548, -19.3106864 ], [ 22.6970345, -19.310538 ], [ 22.6972547, -19.310521 ], [ 22.697403, -19.3104828 ], [ 22.6974794, -19.3103344 ], [ 22.6974749, -19.3101139 ], [ 22.6974345, -19.3098637 ], [ 22.6974884, -19.3096559 ], [ 22.6976367, -19.3094693 ], [ 22.6981647, -19.3091236 ], [ 22.698304, -19.3088225 ], [ 22.698304, -19.3085384 ], [ 22.6981242, -19.3081949 ], [ 22.6981242, -19.3080295 ], [ 22.6982411, -19.3076054 ], [ 22.6982546, -19.3073022 ], [ 22.6981737, -19.306789 ], [ 22.698277, -19.3061783 ], [ 22.698268, -19.3059069 ], [ 22.6981602, -19.3057415 ], [ 22.6980029, -19.3055994 ], [ 22.6975985, -19.3054467 ], [ 22.6975176, -19.305222 ], [ 22.6975895, -19.3049972 ], [ 22.697567, -19.3048445 ], [ 22.6977198, -19.3046537 ], [ 22.6979939, -19.3044968 ], [ 22.6985152, -19.3044883 ], [ 22.6986141, -19.3044035 ], [ 22.6987668, -19.3043102 ], [ 22.6989016, -19.3041999 ], [ 22.6989825, -19.3040811 ], [ 22.6990904, -19.3039539 ], [ 22.6992162, -19.3038861 ], [ 22.6995937, -19.30392 ], [ 22.6998453, -19.3038097 ], [ 22.7000475, -19.3038118 ], [ 22.7002722, -19.3035828 ], [ 22.700443, -19.3035319 ], [ 22.7007126, -19.3031842 ], [ 22.7007845, -19.3029551 ], [ 22.7010092, -19.302777 ], [ 22.7010361, -19.3026243 ], [ 22.7011889, -19.3023444 ], [ 22.7012159, -19.3021493 ], [ 22.7013507, -19.3020391 ], [ 22.7016922, -19.3020051 ], [ 22.7018809, -19.3019203 ], [ 22.7021506, -19.3016743 ], [ 22.7022584, -19.30114 ], [ 22.7023123, -19.3009364 ], [ 22.7024382, -19.300877 ], [ 22.702546, -19.3009364 ], [ 22.7027168, -19.3009364 ], [ 22.7027887, -19.3008346 ], [ 22.7029055, -19.3006056 ], [ 22.703238, -19.3002663 ], [ 22.7033908, -19.3002154 ], [ 22.70362, -19.3000352 ], [ 22.70362, -19.2997892 ], [ 22.7037818, -19.2995602 ], [ 22.7042042, -19.299416 ], [ 22.7044199, -19.2992633 ], [ 22.7043839, -19.2991021 ], [ 22.7045637, -19.2988901 ], [ 22.7046176, -19.2987628 ], [ 22.7049052, -19.298695 ], [ 22.7052377, -19.2986356 ], [ 22.7054894, -19.2987119 ], [ 22.7059747, -19.2982199 ], [ 22.7060915, -19.2981945 ], [ 22.7067476, -19.2983387 ], [ 22.7070711, -19.2981606 ], [ 22.7069992, -19.2979485 ], [ 22.7065589, -19.2977365 ], [ 22.706424, -19.2975838 ], [ 22.7061994, -19.2974989 ], [ 22.7061544, -19.2973547 ], [ 22.7062892, -19.2971936 ], [ 22.7064151, -19.2967779 ], [ 22.7063252, -19.2965489 ], [ 22.7062533, -19.2955056 ], [ 22.7061364, -19.2953402 ], [ 22.7059477, -19.2952553 ], [ 22.7058039, -19.2949924 ], [ 22.7057051, -19.2948482 ], [ 22.7055702, -19.2946955 ], [ 22.7056062, -19.2944665 ], [ 22.705777, -19.2943392 ], [ 22.7059297, -19.2943053 ], [ 22.7059028, -19.2940932 ], [ 22.7059297, -19.2939321 ], [ 22.7061095, -19.2938048 ], [ 22.7063611, -19.2938303 ], [ 22.7065319, -19.2938048 ], [ 22.7067296, -19.2935249 ], [ 22.7069004, -19.2933637 ], [ 22.7069273, -19.293228 ], [ 22.7068554, -19.2931093 ], [ 22.7067026, -19.2930075 ], [ 22.7066128, -19.2928463 ], [ 22.7066577, -19.2926512 ], [ 22.7067026, -19.292524 ], [ 22.7066128, -19.2923628 ], [ 22.7065678, -19.292244 ], [ 22.7067476, -19.2920659 ], [ 22.7068914, -19.2919811 ], [ 22.707161, -19.2920489 ], [ 22.7072778, -19.2919726 ], [ 22.7069004, -19.2914891 ], [ 22.7068824, -19.2913597 ], [ 22.7068914, -19.2909865 ], [ 22.7068375, -19.2908338 ], [ 22.7066937, -19.2907829 ], [ 22.7065589, -19.2908338 ], [ 22.7064151, -19.2910289 ], [ 22.7063162, -19.2910713 ], [ 22.7061994, -19.2910204 ], [ 22.7059297, -19.2903842 ], [ 22.7058489, -19.2897819 ], [ 22.7058848, -19.2894935 ], [ 22.7059477, -19.2888827 ], [ 22.7056871, -19.2886876 ], [ 22.7052827, -19.2886198 ], [ 22.7051299, -19.288501 ], [ 22.705004, -19.2883144 ], [ 22.7049321, -19.2881659 ], [ 22.7047704, -19.2880642 ], [ 22.7045097, -19.2880642 ], [ 22.7040244, -19.2879963 ], [ 22.7037189, -19.2878521 ], [ 22.70362, -19.2877503 ], [ 22.70362, -19.2876315 ], [ 22.7037099, -19.2873601 ], [ 22.7036919, -19.2871904 ], [ 22.7035661, -19.2869105 ], [ 22.7031976, -19.2865881 ], [ 22.7030628, -19.2865966 ], [ 22.7029729, -19.2867239 ], [ 22.7029819, -19.2870971 ], [ 22.702883, -19.2872074 ], [ 22.7027392, -19.2872243 ], [ 22.7026134, -19.287148 ], [ 22.7024157, -19.2868681 ], [ 22.7023708, -19.286673 ], [ 22.7024067, -19.2864948 ], [ 22.7026943, -19.2860876 ], [ 22.7028201, -19.2857229 ], [ 22.7028111, -19.2854344 ], [ 22.7026853, -19.2850782 ], [ 22.702519, -19.2849191 ], [ 22.7023034, -19.2848852 ], [ 22.7019888, -19.2848937 ], [ 22.7017012, -19.2847155 ], [ 22.7015754, -19.2846901 ], [ 22.7014406, -19.2847579 ], [ 22.7013327, -19.2850888 ], [ 22.7012249, -19.2851397 ], [ 22.7010002, -19.2850548 ], [ 22.7005598, -19.2842235 ], [ 22.6988792, -19.283477 ], [ 22.6986725, -19.2834515 ], [ 22.6979804, -19.283214 ], [ 22.6971356, -19.2831292 ], [ 22.6968391, -19.2831716 ], [ 22.6965335, -19.2830698 ], [ 22.6963358, -19.2827729 ], [ 22.6962908, -19.282442 ], [ 22.6960751, -19.2820857 ], [ 22.6956797, -19.281721 ], [ 22.6953472, -19.2810656 ], [ 22.6952932, -19.2806669 ], [ 22.6952034, -19.2804379 ], [ 22.6950056, -19.2800646 ], [ 22.6946462, -19.2797083 ], [ 22.6944664, -19.2794878 ], [ 22.6944664, -19.2791908 ], [ 22.6949607, -19.2779226 ], [ 22.6949337, -19.277685 ], [ 22.6947899, -19.2775578 ], [ 22.6944305, -19.2774899 ], [ 22.6941159, -19.2773881 ], [ 22.6938553, -19.2772185 ], [ 22.6937744, -19.2769809 ], [ 22.6938103, -19.2764974 ], [ 22.6937205, -19.2760753 ], [ 22.6937384, -19.2759226 ], [ 22.6938822, -19.2757784 ], [ 22.6938643, -19.2756257 ], [ 22.6937654, -19.275439 ], [ 22.6934778, -19.274947 ], [ 22.693361, -19.2747858 ], [ 22.6930824, -19.2744974 ], [ 22.6929475, -19.2742089 ], [ 22.6927498, -19.2740138 ], [ 22.692651, -19.2736999 ], [ 22.692615, -19.27342 ], [ 22.6926689, -19.2732079 ], [ 22.6928217, -19.2730806 ], [ 22.6931003, -19.2731315 ], [ 22.6932441, -19.2730806 ], [ 22.693334, -19.2729025 ], [ 22.6933879, -19.2727158 ], [ 22.693325, -19.2724316 ], [ 22.6931992, -19.2721347 ], [ 22.6929206, -19.2718547 ], [ 22.6927948, -19.2715578 ], [ 22.692651, -19.2713457 ], [ 22.692651, -19.2709724 ], [ 22.6925072, -19.2707688 ], [ 22.692633, -19.2705737 ], [ 22.6925611, -19.2703701 ], [ 22.6925521, -19.2702683 ], [ 22.692624, -19.2699628 ], [ 22.6925881, -19.2698356 ], [ 22.6929206, -19.2691993 ], [ 22.6931344, -19.268893 ], [ 22.6933377, -19.2688192 ], [ 22.6936088, -19.2685091 ], [ 22.6937496, -19.2682434 ], [ 22.693833, -19.2681745 ], [ 22.6939425, -19.2681597 ], [ 22.6941562, -19.2682434 ], [ 22.6943908, -19.2681696 ], [ 22.6944951, -19.2681843 ], [ 22.6949069, -19.2683418 ], [ 22.6950686, -19.2684895 ], [ 22.6951832, -19.2685141 ], [ 22.6952927, -19.2684895 ], [ 22.6953709, -19.2685682 ], [ 22.6954283, -19.26877 ], [ 22.6955273, -19.2688192 ], [ 22.695616, -19.2687651 ], [ 22.6957098, -19.268578 ], [ 22.6957567, -19.268391 ], [ 22.6957463, -19.2681991 ], [ 22.695616, -19.2676971 ], [ 22.6956681, -19.2671804 ], [ 22.6955534, -19.26689 ], [ 22.6955638, -19.2667916 ], [ 22.6957619, -19.2663536 ], [ 22.6955742, -19.2659057 ], [ 22.6955482, -19.2657089 ], [ 22.695715, -19.2653349 ], [ 22.6956994, -19.2651971 ], [ 22.695397, -19.2649018 ], [ 22.6953136, -19.2646163 ], [ 22.6950738, -19.2644047 ], [ 22.6949174, -19.2640504 ], [ 22.6949174, -19.2636517 ], [ 22.6949956, -19.2634598 ], [ 22.6949278, -19.2624558 ], [ 22.6949591, -19.2623574 ], [ 22.6955273, -19.261939 ], [ 22.695543, -19.261629 ], [ 22.6953501, -19.2611319 ], [ 22.6953553, -19.2610335 ], [ 22.6953918, -19.260935 ], [ 22.6957202, -19.2606594 ], [ 22.6959288, -19.2603346 ], [ 22.6959861, -19.2601574 ], [ 22.6959235, -19.2595619 ], [ 22.6960226, -19.2592863 ], [ 22.6958193, -19.2590648 ], [ 22.6954648, -19.2588385 ], [ 22.6954491, -19.2587449 ], [ 22.6954387, -19.2585481 ], [ 22.6955795, -19.2576277 ], [ 22.6957202, -19.2574702 ], [ 22.6957306, -19.2572734 ], [ 22.695788, -19.2571848 ], [ 22.6958766, -19.2571257 ], [ 22.6961581, -19.2570617 ], [ 22.6962885, -19.2569682 ], [ 22.6962676, -19.2566336 ], [ 22.6963198, -19.2564465 ], [ 22.6966221, -19.2560971 ], [ 22.6970601, -19.2558461 ], [ 22.6971018, -19.2557575 ], [ 22.6970392, -19.2555655 ], [ 22.6970496, -19.2553588 ], [ 22.6971748, -19.2549995 ], [ 22.697206, -19.2545025 ], [ 22.6974094, -19.2534197 ], [ 22.6973468, -19.253085 ], [ 22.697206, -19.2528733 ], [ 22.6965022, -19.2521843 ], [ 22.696497, -19.2520416 ], [ 22.6968984, -19.2517167 ], [ 22.6969297, -19.2516183 ], [ 22.6968359, -19.2514362 ], [ 22.6965596, -19.2513131 ], [ 22.6961634, -19.2513328 ], [ 22.6958714, -19.2512295 ], [ 22.6954178, -19.2506881 ], [ 22.6947975, -19.2502795 ], [ 22.694396, -19.2497283 ], [ 22.693932, -19.2493591 ], [ 22.6938069, -19.2491967 ], [ 22.6937913, -19.24899 ], [ 22.6937391, -19.2489063 ], [ 22.6936453, -19.248862 ], [ 22.693541, -19.2488719 ], [ 22.6933377, -19.2489309 ], [ 22.6930718, -19.2491032 ], [ 22.6927538, -19.2490934 ], [ 22.6926026, -19.2488325 ], [ 22.6925557, -19.2486405 ], [ 22.6924202, -19.248483 ], [ 22.6912367, -19.2475922 ], [ 22.6910282, -19.2472575 ], [ 22.6908144, -19.2470261 ], [ 22.6906007, -19.2469868 ], [ 22.6905486, -19.2468293 ], [ 22.6905433, -19.2461402 ], [ 22.6904547, -19.2458596 ], [ 22.6905642, -19.2456923 ], [ 22.691268, -19.2453527 ], [ 22.6921647, -19.2450081 ], [ 22.6925922, -19.2450229 ], [ 22.692806, -19.2449441 ], [ 22.6929624, -19.2448014 ], [ 22.6930927, -19.2446094 ], [ 22.6932543, -19.2444667 ], [ 22.6933481, -19.2442846 ], [ 22.6933846, -19.2436841 ], [ 22.6933638, -19.2432805 ], [ 22.6931813, -19.2430442 ], [ 22.6931292, -19.2428572 ], [ 22.6931605, -19.2427587 ], [ 22.6933429, -19.2426357 ], [ 22.6939372, -19.2425644 ], [ 22.6944017, -19.242453 ], [ 22.6947151, -19.24246 ], [ 22.6949436, -19.2424182 ], [ 22.6951095, -19.2424147 ], [ 22.6954044, -19.2425331 ], [ 22.695644, -19.2425226 ], [ 22.6959979, -19.2423625 ], [ 22.6960864, -19.2422442 ], [ 22.696138, -19.2420388 ], [ 22.6963334, -19.241917 ], [ 22.6964845, -19.2419275 ], [ 22.6966209, -19.242004 ], [ 22.6966873, -19.2422163 ], [ 22.6967905, -19.2423242 ], [ 22.6974098, -19.2424182 ], [ 22.6978817, -19.242359 ], [ 22.698007, -19.2424565 ], [ 22.698184, -19.2424565 ], [ 22.6982393, -19.2422407 ], [ 22.6984015, -19.242091 ], [ 22.6985452, -19.242091 ], [ 22.698866, -19.2424112 ], [ 22.6991682, -19.2423938 ], [ 22.6994705, -19.2422825 ], [ 22.6997876, -19.2423034 ], [ 22.699935, -19.2422616 ], [ 22.7001673, -19.2418683 ], [ 22.7003958, -19.2416699 ], [ 22.7003921, -19.2416003 ], [ 22.700252, -19.2415481 ], [ 22.700182, -19.2414298 ], [ 22.7002447, -19.241301 ], [ 22.7004032, -19.2411409 ], [ 22.7006907, -19.2402777 ], [ 22.7009709, -19.2399923 ], [ 22.7009819, -19.2399227 ], [ 22.7009267, -19.2398775 ], [ 22.7007128, -19.2398635 ], [ 22.7006797, -19.2397974 ], [ 22.7007092, -19.2397313 ], [ 22.7008456, -19.2396651 ], [ 22.7010041, -19.2396547 ], [ 22.7011331, -19.2395816 ], [ 22.7014907, -19.2387915 ], [ 22.7018851, -19.2385862 ], [ 22.7019367, -19.2384539 ], [ 22.701922, -19.2383843 ], [ 22.7018188, -19.2382834 ], [ 22.7018593, -19.2381546 ], [ 22.7020879, -19.2381511 ], [ 22.7022353, -19.2380954 ], [ 22.702239, -19.2380258 ], [ 22.7021616, -19.2379075 ], [ 22.7018593, -19.2376986 ], [ 22.7018519, -19.2373958 ], [ 22.7017303, -19.2373123 ], [ 22.7015202, -19.2372879 ], [ 22.7014464, -19.2371696 ], [ 22.7016271, -19.2366788 ], [ 22.701734, -19.2365814 ], [ 22.7019478, -19.2364839 ], [ 22.7020731, -19.2363064 ], [ 22.7018962, -19.23584 ], [ 22.7016861, -19.2358331 ], [ 22.7015275, -19.2359792 ], [ 22.7013875, -19.2359827 ], [ 22.7011515, -19.2355581 ], [ 22.7012289, -19.2353597 ], [ 22.7014464, -19.2351404 ], [ 22.7014538, -19.2347193 ], [ 22.7015386, -19.2343051 ], [ 22.7015312, -19.2340336 ], [ 22.701181, -19.233233 ], [ 22.7011368, -19.2331773 ], [ 22.7010004, -19.2331356 ], [ 22.7007276, -19.2332539 ], [ 22.7005801, -19.23324 ], [ 22.7004843, -19.2331356 ], [ 22.7004511, -19.2329963 ], [ 22.7003331, -19.2328084 ], [ 22.7002336, -19.232704 ], [ 22.7000419, -19.2326065 ], [ 22.700123, -19.2324882 ], [ 22.7004732, -19.2322724 ], [ 22.7005543, -19.232154 ], [ 22.7003258, -19.2315832 ], [ 22.7003737, -19.231531 ], [ 22.7007718, -19.2313883 ], [ 22.7009008, -19.2312978 ], [ 22.7009856, -19.2311794 ], [ 22.7009635, -19.2311168 ], [ 22.7008382, -19.2310541 ], [ 22.7002336, -19.2309601 ], [ 22.7001156, -19.2307026 ], [ 22.6998428, -19.2304659 ], [ 22.6997028, -19.2301387 ], [ 22.6993636, -19.2298602 ], [ 22.6992788, -19.2295156 ], [ 22.6991351, -19.2294913 ], [ 22.6988438, -19.22954 ], [ 22.69856, -19.2294808 ], [ 22.6985084, -19.2294286 ], [ 22.6985047, -19.2293555 ], [ 22.6985895, -19.2292302 ], [ 22.698818, -19.2292476 ], [ 22.6989212, -19.2291502 ], [ 22.6988328, -19.2290353 ], [ 22.6985674, -19.2289135 ], [ 22.6983867, -19.2287812 ], [ 22.6983204, -19.2286489 ], [ 22.6983462, -19.2284401 ], [ 22.6983056, -19.2283322 ], [ 22.6981692, -19.228273 ], [ 22.6978043, -19.2282104 ], [ 22.6977269, -19.228099 ], [ 22.6978374, -19.2274342 ], [ 22.6979259, -19.2272392 ], [ 22.6982135, -19.2269051 ], [ 22.6982319, -19.2268355 ], [ 22.6982135, -19.2267658 ], [ 22.6981545, -19.226731 ], [ 22.6976789, -19.2266336 ], [ 22.6976605, -19.2265013 ], [ 22.697937, -19.2261393 ], [ 22.6979554, -19.2259374 ], [ 22.6982282, -19.2258191 ], [ 22.6982798, -19.2257634 ], [ 22.6985489, -19.2251647 ], [ 22.6987775, -19.2249454 ], [ 22.6991461, -19.2249106 ], [ 22.6992309, -19.22466 ], [ 22.6989618, -19.2239255 ], [ 22.6988918, -19.2234974 ], [ 22.6986743, -19.2227594 ], [ 22.6987627, -19.222373 ], [ 22.6989434, -19.2221503 ], [ 22.6989434, -19.2220772 ], [ 22.6988623, -19.2219692 ], [ 22.6984052, -19.2217291 ], [ 22.6982798, -19.2215481 ], [ 22.6981877, -19.2212766 ], [ 22.6982061, -19.220925 ], [ 22.6983425, -19.2207231 ], [ 22.6984678, -19.2206361 ], [ 22.6984457, -19.2205699 ], [ 22.6982577, -19.220462 ], [ 22.6981029, -19.2202149 ], [ 22.6977232, -19.2200025 ], [ 22.6976605, -19.2198041 ], [ 22.6976494, -19.2194491 ], [ 22.6973545, -19.2192402 ], [ 22.6969638, -19.2188469 ], [ 22.6967463, -19.2188503 ], [ 22.696385, -19.2191601 ], [ 22.6959389, -19.2191532 ], [ 22.6956514, -19.2192019 ], [ 22.695515, -19.2191427 ], [ 22.6954708, -19.2190836 ], [ 22.6953086, -19.2187007 ], [ 22.6951316, -19.218464 ], [ 22.6946192, -19.2181541 ], [ 22.6944644, -19.2180079 ], [ 22.6943722, -19.2177469 ], [ 22.6940847, -19.2174231 ], [ 22.6939409, -19.2168871 ], [ 22.6939335, -19.2163371 ], [ 22.6938819, -19.2159193 ], [ 22.6939225, -19.2157836 ], [ 22.6941953, -19.215338 ], [ 22.6943096, -19.2146488 ], [ 22.6941068, -19.2141823 ], [ 22.694011, -19.2140709 ], [ 22.6939446, -19.2140257 ], [ 22.6937492, -19.2141371 ], [ 22.6936755, -19.214332 ], [ 22.6933105, -19.2148333 ], [ 22.6931299, -19.2149551 ], [ 22.6927649, -19.2149969 ], [ 22.6920166, -19.2148959 ], [ 22.6918691, -19.2149238 ], [ 22.6915263, -19.2152057 ], [ 22.6914563, -19.2152405 ], [ 22.6913825, -19.2152266 ], [ 22.6913236, -19.2151849 ], [ 22.6912535, -19.2149795 ], [ 22.6909918, -19.2144921 ], [ 22.6909881, -19.2143529 ], [ 22.6911245, -19.2141127 ], [ 22.6911134, -19.2140431 ], [ 22.6908259, -19.2138133 ], [ 22.6906489, -19.2135905 ], [ 22.6905015, -19.2132563 ], [ 22.6902766, -19.2125636 ], [ 22.6902582, -19.2121215 ], [ 22.6901771, -19.211857 ], [ 22.690225, -19.2116516 ], [ 22.6904757, -19.211481 ], [ 22.6905678, -19.2113626 ], [ 22.690848, -19.2105515 ], [ 22.690848, -19.2101164 ], [ 22.6907706, -19.209636 ], [ 22.6908591, -19.2092252 ], [ 22.6908738, -19.2088701 ], [ 22.6909475, -19.2086682 ], [ 22.6911429, -19.2083445 ], [ 22.6912793, -19.2078153 ], [ 22.6912646, -19.2076726 ], [ 22.691025, -19.2074985 ], [ 22.6908112, -19.2074637 ], [ 22.6907522, -19.2074185 ], [ 22.6906637, -19.2069311 ], [ 22.6903762, -19.2064437 ], [ 22.6899891, -19.2062384 ], [ 22.6897568, -19.2059599 ], [ 22.6890712, -19.2056013 ], [ 22.6888684, -19.2052079 ], [ 22.6886362, -19.2049155 ], [ 22.6882933, -19.2046439 ], [ 22.6881791, -19.2043828 ], [ 22.6881569, -19.2037388 ], [ 22.6880205, -19.2033976 ], [ 22.6879063, -19.2033071 ], [ 22.6875597, -19.2031783 ], [ 22.6874565, -19.2028372 ], [ 22.6871063, -19.2022941 ], [ 22.6870363, -19.2015874 ], [ 22.6865497, -19.2010617 ], [ 22.6863875, -19.2007379 ], [ 22.6861368, -19.2004733 ], [ 22.6860041, -19.2004142 ], [ 22.6855506, -19.2004246 ], [ 22.6849608, -19.2003306 ], [ 22.6848244, -19.2002679 ], [ 22.6847654, -19.2002157 ], [ 22.6847212, -19.20008 ], [ 22.6847433, -19.1997423 ], [ 22.6847065, -19.1995369 ], [ 22.6844816, -19.1992549 ], [ 22.684194, -19.1992444 ], [ 22.6837296, -19.1996483 ], [ 22.683571, -19.1998989 ], [ 22.6833167, -19.2000591 ], [ 22.6828964, -19.2002296 ], [ 22.6827084, -19.2003689 ], [ 22.6825794, -19.2006996 ], [ 22.6823693, -19.2009015 ], [ 22.682185, -19.2012009 ], [ 22.6819306, -19.2013646 ], [ 22.6817168, -19.2012949 ], [ 22.6813039, -19.2010338 ], [ 22.6811528, -19.2007971 ], [ 22.6810274, -19.2007136 ], [ 22.6805924, -19.2006613 ], [ 22.6802901, -19.2004559 ], [ 22.6798551, -19.2004664 ], [ 22.6795713, -19.2002436 ], [ 22.6792948, -19.2003411 ], [ 22.6791361, -19.2003454 ], [ 22.6787258, -19.2002809 ], [ 22.6785738, -19.2003239 ], [ 22.6786005, -19.2005566 ], [ 22.678513, -19.2007903 ], [ 22.6781635, -19.2007688 ], [ 22.6780343, -19.2008119 ], [ 22.6778975, -19.2009697 ], [ 22.6776696, -19.2010917 ], [ 22.6774948, -19.2009697 ], [ 22.6773656, -19.2005607 ], [ 22.6773276, -19.1999077 ], [ 22.6772972, -19.19947 ], [ 22.6772593, -19.1991614 ], [ 22.6769097, -19.1991471 ], [ 22.676545, -19.199391 ], [ 22.6761119, -19.1994556 ], [ 22.6755724, -19.1994198 ], [ 22.6749569, -19.1993767 ], [ 22.6745922, -19.1992475 ], [ 22.6743794, -19.1989677 ], [ 22.6740983, -19.1986663 ], [ 22.6737715, -19.1985586 ], [ 22.673422, -19.198616 ], [ 22.6728977, -19.1988529 ], [ 22.6724163, -19.1987331 ], [ 22.6720467, -19.1984869 ], [ 22.6716135, -19.1980276 ], [ 22.671188, -19.1977908 ], [ 22.6708309, -19.1973818 ], [ 22.6704814, -19.1971593 ], [ 22.670337, -19.1967933 ], [ 22.670337, -19.1964991 ], [ 22.6707397, -19.1959825 ], [ 22.6707853, -19.1956954 ], [ 22.6706561, -19.1953725 ], [ 22.6699799, -19.1952433 ], [ 22.6695011, -19.1952361 ], [ 22.66941, -19.1950783 ], [ 22.6697215, -19.1946334 ], [ 22.6703294, -19.1939373 ], [ 22.6707245, -19.1935498 ], [ 22.6707397, -19.1931838 ], [ 22.6705193, -19.1929111 ], [ 22.6705649, -19.1926814 ], [ 22.6708841, -19.1924016 ], [ 22.6711804, -19.1920858 ], [ 22.6713096, -19.191971 ], [ 22.671454, -19.1921432 ], [ 22.6716059, -19.1919208 ], [ 22.6715376, -19.1915691 ], [ 22.6714616, -19.1911457 ], [ 22.6716287, -19.1906434 ], [ 22.6717655, -19.1902559 ], [ 22.6718035, -19.1899473 ], [ 22.6716743, -19.1898683 ], [ 22.6715072, -19.1900047 ], [ 22.6713856, -19.1901626 ], [ 22.6711956, -19.1902128 ], [ 22.6710892, -19.1899545 ], [ 22.6710361, -19.1896746 ], [ 22.6710361, -19.1894449 ], [ 22.6711424, -19.1892081 ], [ 22.6714084, -19.1890072 ], [ 22.6715528, -19.1888421 ], [ 22.6714996, -19.1887201 ], [ 22.6712716, -19.1885694 ], [ 22.671188, -19.1883541 ], [ 22.6711196, -19.1879953 ], [ 22.6710968, -19.1876652 ], [ 22.6710057, -19.1875001 ], [ 22.6706485, -19.1870193 ], [ 22.6705118, -19.1868543 ], [ 22.670451, -19.1863591 ], [ 22.6703446, -19.1861151 ], [ 22.6701622, -19.1859357 ], [ 22.6701698, -19.1857491 ], [ 22.6704054, -19.1855768 ], [ 22.6707853, -19.1853472 ], [ 22.6709297, -19.1853831 ], [ 22.6710816, -19.1854261 ], [ 22.671112, -19.1851319 ], [ 22.6709221, -19.1847587 ], [ 22.6706333, -19.1843353 ], [ 22.6703598, -19.1840267 ], [ 22.6701014, -19.1835244 ], [ 22.6698963, -19.1833378 ], [ 22.6695923, -19.1833449 ], [ 22.6693492, -19.1833952 ], [ 22.6691896, -19.1832804 ], [ 22.6691364, -19.1831225 ], [ 22.6691896, -19.1828856 ], [ 22.6693568, -19.1825699 ], [ 22.6695695, -19.1822326 ], [ 22.6695999, -19.1820173 ], [ 22.6695315, -19.1818594 ], [ 22.6693074, -19.1817105 ], [ 22.6692333, -19.1815346 ], [ 22.669258, -19.1814216 ], [ 22.6693169, -19.1812781 ], [ 22.6694518, -19.1811489 ], [ 22.669731, -19.1810861 ], [ 22.6699457, -19.1809515 ], [ 22.6708195, -19.1800939 ], [ 22.6710968, -19.1800867 ], [ 22.6714122, -19.1801477 ], [ 22.6717313, -19.1800437 ], [ 22.6718339, -19.1797889 ], [ 22.6716135, -19.1795305 ], [ 22.6713058, -19.1794659 ], [ 22.6702876, -19.1791609 ], [ 22.6699077, -19.17896 ], [ 22.6697405, -19.1786227 ], [ 22.6696569, -19.1781526 ], [ 22.669277, -19.177765 ], [ 22.6690338, -19.1777004 ], [ 22.668407, -19.1777902 ], [ 22.667385, -19.1777327 ], [ 22.6671494, -19.1774672 ], [ 22.6668721, -19.1765198 ], [ 22.6665871, -19.1763332 ], [ 22.6662452, -19.1762471 ], [ 22.6659602, -19.1761897 ], [ 22.6653333, -19.1762687 ], [ 22.6646571, -19.1762292 ], [ 22.6641328, -19.176222 ], [ 22.6638858, -19.1761179 ], [ 22.6637415, -19.1760928 ], [ 22.6636731, -19.1759349 ], [ 22.6636959, -19.1757627 ], [ 22.6637073, -19.1756048 ], [ 22.6635553, -19.175472 ], [ 22.6633767, -19.1753967 ], [ 22.6632324, -19.1754146 ], [ 22.6630804, -19.1755402 ], [ 22.6628258, -19.1758488 ], [ 22.6626055, -19.1761072 ], [ 22.6624687, -19.1761861 ], [ 22.6620622, -19.1759995 ], [ 22.661876, -19.1759349 ], [ 22.6616177, -19.1758675 ], [ 22.6613301, -19.1759354 ], [ 22.6610246, -19.1761731 ], [ 22.6607909, -19.176258 ], [ 22.6606471, -19.1760373 ], [ 22.6604314, -19.1756128 ], [ 22.660018, -19.1752393 ], [ 22.6601708, -19.1749592 ], [ 22.6603505, -19.1747215 ], [ 22.660701, -19.1742292 ], [ 22.6611189, -19.1738132 ], [ 22.6612313, -19.1736732 ], [ 22.66142, -19.1732996 ], [ 22.662148, -19.1726842 ], [ 22.662166, -19.172438 ], [ 22.662103, -19.1722513 ], [ 22.6608628, -19.171708 ], [ 22.6607549, -19.1713005 ], [ 22.6606291, -19.1708591 ], [ 22.6604314, -19.1706554 ], [ 22.6600449, -19.1704092 ], [ 22.6597663, -19.1701545 ], [ 22.6596225, -19.1699168 ], [ 22.6589665, -19.1698234 ], [ 22.6582115, -19.1695858 ], [ 22.6576363, -19.1693056 ], [ 22.6574476, -19.1692547 ], [ 22.656796, -19.1694223 ], [ 22.6564186, -19.1693884 ], [ 22.6560501, -19.1694308 ], [ 22.6558344, -19.1695497 ], [ 22.6555378, -19.1699147 ], [ 22.6552682, -19.1703986 ], [ 22.6549986, -19.1706787 ], [ 22.6546031, -19.1710098 ], [ 22.6544054, -19.1714088 ], [ 22.6542436, -19.1717059 ], [ 22.6542526, -19.1721473 ], [ 22.6541538, -19.1723086 ], [ 22.6541268, -19.1725293 ], [ 22.6538931, -19.1726312 ], [ 22.6536235, -19.1725717 ], [ 22.6534348, -19.1725887 ], [ 22.6529854, -19.1727245 ], [ 22.6527877, -19.1725463 ], [ 22.6526708, -19.1721048 ], [ 22.6524012, -19.1717059 ], [ 22.6524372, -19.1714257 ], [ 22.6524012, -19.171256 ], [ 22.6522934, -19.1711711 ], [ 22.6521316, -19.171239 ], [ 22.6517901, -19.1714852 ], [ 22.6515025, -19.171587 ], [ 22.6512778, -19.1717398 ], [ 22.6510441, -19.1724359 ], [ 22.6508015, -19.1726991 ], [ 22.6507835, -19.1729452 ], [ 22.6505139, -19.1729537 ], [ 22.6498219, -19.1726057 ], [ 22.6496781, -19.1724189 ], [ 22.6490579, -19.1719945 ], [ 22.6488602, -19.1716634 ], [ 22.6486445, -19.1716464 ], [ 22.6484109, -19.1717992 ], [ 22.6482401, -19.1718417 ], [ 22.6478896, -19.1716804 ], [ 22.647593, -19.1711626 ], [ 22.6473234, -19.1709504 ], [ 22.6470268, -19.1706108 ], [ 22.6462719, -19.1706193 ], [ 22.645836, -19.1704007 ], [ 22.6456473, -19.1703752 ], [ 22.6453597, -19.1704771 ], [ 22.645135, -19.1704771 ], [ 22.6449642, -19.1703583 ], [ 22.6450361, -19.1698998 ], [ 22.645126, -19.1696282 ], [ 22.6450092, -19.1693735 ], [ 22.6445149, -19.1693396 ], [ 22.6442542, -19.1691358 ], [ 22.6440655, -19.1690934 ], [ 22.6438857, -19.1687199 ], [ 22.6438049, -19.1686095 ], [ 22.6435442, -19.1685841 ], [ 22.6433465, -19.1684737 ], [ 22.6433465, -19.1680662 ], [ 22.6431488, -19.1677861 ], [ 22.6431128, -19.1675823 ], [ 22.6430409, -19.1673362 ], [ 22.6428792, -19.16709 ], [ 22.6428073, -19.1668777 ], [ 22.6429061, -19.1667249 ], [ 22.6428702, -19.1665552 ], [ 22.6426904, -19.1661816 ], [ 22.6423624, -19.1657423 ], [ 22.6421018, -19.165581 ], [ 22.6420299, -19.16525 ], [ 22.641904, -19.1651056 ], [ 22.6416075, -19.1652924 ], [ 22.6413738, -19.1652245 ], [ 22.6411131, -19.165233 ], [ 22.6410143, -19.1654707 ], [ 22.6410772, -19.1656574 ], [ 22.641212, -19.1658951 ], [ 22.6410592, -19.1660734 ], [ 22.6407447, -19.1662347 ], [ 22.6404571, -19.166396 ], [ 22.6401964, -19.1663705 ], [ 22.6402773, -19.1662007 ], [ 22.6402234, -19.166031 ], [ 22.6399987, -19.1658612 ], [ 22.6398639, -19.1656914 ], [ 22.6395673, -19.1651438 ], [ 22.6392707, -19.1648128 ], [ 22.6390101, -19.1646684 ], [ 22.6387045, -19.1643883 ], [ 22.6385248, -19.1642864 ], [ 22.6382552, -19.1642949 ], [ 22.6379496, -19.1642864 ], [ 22.63768, -19.1642694 ], [ 22.6374643, -19.1642779 ], [ 22.6373744, -19.1640912 ], [ 22.6374373, -19.1638874 ], [ 22.6377699, -19.1635479 ], [ 22.6377339, -19.1633696 ], [ 22.6376261, -19.1632868 ], [ 22.6374283, -19.1633208 ], [ 22.6371587, -19.1632698 ], [ 22.6370689, -19.163134 ], [ 22.6370958, -19.1630152 ], [ 22.6372127, -19.1628793 ], [ 22.6370149, -19.162752 ], [ 22.6368262, -19.1627775 ], [ 22.6366015, -19.1627605 ], [ 22.6363589, -19.1624888 ], [ 22.6363499, -19.1621662 ], [ 22.6364847, -19.1619455 ], [ 22.6364038, -19.1617672 ], [ 22.636287, -19.161555 ], [ 22.6364757, -19.1612324 ], [ 22.6364218, -19.161122 ], [ 22.6361611, -19.1609947 ], [ 22.6360263, -19.160706 ], [ 22.6356758, -19.1603834 ], [ 22.6357208, -19.1601288 ], [ 22.6358466, -19.1596703 ], [ 22.6356129, -19.1592883 ], [ 22.6357731, -19.1587896 ], [ 22.6359222, -19.158593 ], [ 22.6359651, -19.1585018 ], [ 22.6359126, -19.1583842 ], [ 22.6357945, -19.1583234 ], [ 22.6356647, -19.1582281 ], [ 22.6356229, -19.1581511 ], [ 22.6356658, -19.1580498 ], [ 22.6357945, -19.1580194 ], [ 22.6359769, -19.1580194 ], [ 22.6362773, -19.1580194 ], [ 22.6365134, -19.157989 ], [ 22.636685, -19.1578977 ], [ 22.6370176, -19.1575633 ], [ 22.6372, -19.1572694 ], [ 22.6372108, -19.1570363 ], [ 22.6372644, -19.1568437 ], [ 22.6374994, -19.1565255 ], [ 22.6375755, -19.1563269 ], [ 22.637553, -19.1561302 ], [ 22.6375648, -19.1560026 ], [ 22.6377043, -19.1559823 ], [ 22.6380369, -19.1560026 ], [ 22.6382836, -19.1560026 ], [ 22.6385615, -19.1559276 ], [ 22.6388737, -19.1557796 ], [ 22.6391527, -19.1556174 ], [ 22.6393565, -19.1552526 ], [ 22.6394424, -19.1550702 ], [ 22.6394842, -19.1546607 ], [ 22.6394735, -19.1541641 ], [ 22.6394198, -19.154083 ], [ 22.6392482, -19.1540121 ], [ 22.6391623, -19.1539209 ], [ 22.6391731, -19.1537891 ], [ 22.6391849, -19.1536918 ], [ 22.63926, -19.1535803 ], [ 22.6393565, -19.1533878 ], [ 22.6393233, -19.1528668 ], [ 22.6392482, -19.1525425 ], [ 22.6391301, -19.1522689 ], [ 22.6390336, -19.1520662 ], [ 22.6387868, -19.1518736 ], [ 22.6385722, -19.1517722 ], [ 22.6382826, -19.1516608 ], [ 22.6380358, -19.151529 ], [ 22.637832, -19.151377 ], [ 22.6377247, -19.1511743 ], [ 22.6376817, -19.1508905 ], [ 22.6375852, -19.150779 ], [ 22.6374564, -19.1507081 ], [ 22.6372741, -19.1506979 ], [ 22.6370058, -19.1507486 ], [ 22.6368567, -19.1507324 ], [ 22.6367913, -19.1506371 ], [ 22.636802, -19.1504648 ], [ 22.6368674, -19.150256 ], [ 22.6369962, -19.1500331 ], [ 22.6370058, -19.1499175 ], [ 22.6369736, -19.149877 ], [ 22.6368245, -19.1498912 ], [ 22.6366196, -19.1499378 ], [ 22.6362881, -19.1501344 ], [ 22.6359973, -19.1502317 ], [ 22.6356755, -19.1502317 ], [ 22.635462, -19.1501648 ], [ 22.6353225, -19.1500128 ], [ 22.635183, -19.149729 ], [ 22.6350639, -19.1494716 ], [ 22.6349674, -19.1493601 ], [ 22.6348493, -19.1492689 ], [ 22.6345811, -19.1491067 ], [ 22.6343987, -19.148975 ], [ 22.6342914, -19.1488229 ], [ 22.6342174, -19.1486648 ], [ 22.6341412, -19.1485189 ], [ 22.6340232, -19.1484581 ], [ 22.633799, -19.1483202 ], [ 22.6334664, -19.1480162 ], [ 22.6331445, -19.1477121 ], [ 22.6331016, -19.1476006 ], [ 22.6331327, -19.1474851 ], [ 22.6331874, -19.1473979 ], [ 22.6334235, -19.1473371 ], [ 22.6335629, -19.1472966 ], [ 22.633637, -19.1472013 ], [ 22.6336262, -19.1470391 ], [ 22.6335726, -19.1468263 ], [ 22.6335737, -19.1466074 ], [ 22.6336166, -19.1464857 ], [ 22.6337014, -19.1463601 ], [ 22.6337121, -19.1462283 ], [ 22.6336584, -19.1461168 ], [ 22.63352, -19.1459992 ], [ 22.6331756, -19.1458431 ], [ 22.6330265, -19.1456952 ], [ 22.6329943, -19.1454925 ], [ 22.6330265, -19.1450566 ], [ 22.633122, -19.1444546 ], [ 22.6330909, -19.1442053 ], [ 22.6329718, -19.1438667 ], [ 22.6327797, -19.1435769 ], [ 22.6326285, -19.1434309 ], [ 22.6324579, -19.1433843 ], [ 22.6321349, -19.143441 ], [ 22.6317176, -19.1435971 ], [ 22.6312884, -19.1436275 ], [ 22.630987, -19.1436438 ], [ 22.6308475, -19.1436133 ], [ 22.6308046, -19.1435221 ], [ 22.6308271, -19.1433843 ], [ 22.6309022, -19.1432627 ], [ 22.6314601, -19.1426038 ], [ 22.6316425, -19.1423403 ], [ 22.6316961, -19.1421782 ], [ 22.6315567, -19.1420971 ], [ 22.6313625, -19.1420727 ], [ 22.6302048, -19.1424214 ], [ 22.6293251, -19.1426444 ], [ 22.6284668, -19.1425937 ], [ 22.6281771, -19.1426545 ], [ 22.627941, -19.1427356 ], [ 22.6276825, -19.1427113 ], [ 22.6275119, -19.1426444 ], [ 22.6273724, -19.1425025 ], [ 22.6272544, -19.1422896 ], [ 22.6271793, -19.1420667 ], [ 22.6271471, -19.1418234 ], [ 22.6271031, -19.1415457 ], [ 22.6268993, -19.141272 ], [ 22.626631, -19.1409984 ], [ 22.6263854, -19.1407592 ], [ 22.6261804, -19.1405017 ], [ 22.6261601, -19.1403335 ], [ 22.6262888, -19.1400395 ], [ 22.626395, -19.1397821 ], [ 22.6263424, -19.1396138 ], [ 22.6262995, -19.1394212 ], [ 22.6259991, -19.1391476 ], [ 22.6256762, -19.1389509 ], [ 22.6253436, -19.138809 ], [ 22.6251623, -19.1386915 ], [ 22.6250764, -19.1384685 ], [ 22.6250872, -19.1382354 ], [ 22.6252588, -19.1378299 ], [ 22.6254627, -19.1372927 ], [ 22.6256118, -19.136863 ], [ 22.6256451, -19.136644 ], [ 22.6255689, -19.1360926 ], [ 22.625365, -19.1358696 ], [ 22.6248822, -19.1355351 ], [ 22.6246902, -19.1351946 ], [ 22.6245936, -19.1348094 ], [ 22.6242063, -19.1347648 ], [ 22.623981, -19.1347547 ], [ 22.6238426, -19.1347891 ], [ 22.6236924, -19.1348803 ], [ 22.6235733, -19.1348763 ], [ 22.6234564, -19.1347993 ], [ 22.6233588, -19.1347243 ], [ 22.6231882, -19.1346776 ], [ 22.6229843, -19.1346168 ], [ 22.6227579, -19.1345418 ], [ 22.6223835, -19.1342418 ], [ 22.6221153, -19.1341201 ], [ 22.6219007, -19.1341303 ], [ 22.6215145, -19.1341708 ], [ 22.6211604, -19.1343533 ], [ 22.6210306, -19.1343391 ], [ 22.6208385, -19.134333 ], [ 22.6206991, -19.1344344 ], [ 22.6206991, -19.1346067 ], [ 22.6204416, -19.1349108 ], [ 22.6200006, -19.1352311 ], [ 22.6195715, -19.1354642 ], [ 22.6194331, -19.1355189 ], [ 22.6192603, -19.1354946 ], [ 22.6191101, -19.1353831 ], [ 22.6190458, -19.1353628 ], [ 22.6189503, -19.1353669 ], [ 22.6188001, -19.1354074 ], [ 22.6187679, -19.1353365 ], [ 22.6188205, -19.1351905 ], [ 22.6188205, -19.1350587 ], [ 22.6187893, -19.1349716 ], [ 22.6187035, -19.1349513 ], [ 22.6185855, -19.1349513 ], [ 22.6184246, -19.1349918 ], [ 22.6182947, -19.1350385 ], [ 22.6181885, -19.1350223 ], [ 22.6180491, -19.134931 ], [ 22.6178119, -19.1347243 ], [ 22.6176414, -19.1346776 ], [ 22.6174697, -19.1346878 ], [ 22.6172551, -19.1347486 ], [ 22.6167294, -19.1350425 ], [ 22.6165256, -19.1350932 ], [ 22.6163099, -19.1350892 ], [ 22.6159998, -19.1350628 ], [ 22.615796, -19.1350831 ], [ 22.6156662, -19.1351297 ], [ 22.6155814, -19.1352959 ], [ 22.6156136, -19.1355595 ], [ 22.6157209, -19.1357419 ], [ 22.6158496, -19.1357825 ], [ 22.6159247, -19.1358737 ], [ 22.6159247, -19.1359649 ], [ 22.6158067, -19.1361372 ], [ 22.6156136, -19.136198 ], [ 22.6154956, -19.1361575 ], [ 22.6153454, -19.1360257 ], [ 22.6153121, -19.1358798 ], [ 22.6152156, -19.1357277 ], [ 22.6150986, -19.1356608 ], [ 22.6149377, -19.1356203 ], [ 22.6147971, -19.135525 ], [ 22.6147113, -19.1354135 ], [ 22.6146695, -19.1352959 ], [ 22.6146695, -19.1350628 ], [ 22.6147338, -19.134708 ], [ 22.6147338, -19.1344749 ], [ 22.6146695, -19.1342519 ], [ 22.6145515, -19.1340897 ], [ 22.614251, -19.1338262 ], [ 22.614133, -19.1338262 ], [ 22.6139721, -19.1338566 ], [ 22.6138112, -19.1339782 ], [ 22.6134882, -19.13441 ], [ 22.6133166, -19.1344607 ], [ 22.6131664, -19.1344303 ], [ 22.6130698, -19.1343898 ], [ 22.6130387, -19.134333 ], [ 22.6130494, -19.1342215 ], [ 22.6130816, -19.1340593 ], [ 22.6131674, -19.1339073 ], [ 22.6132736, -19.1335991 ], [ 22.6132415, -19.1334674 ], [ 22.6131664, -19.1333153 ], [ 22.6130387, -19.1331775 ], [ 22.6129196, -19.1331227 ], [ 22.6127383, -19.1331268 ], [ 22.6125237, -19.1331876 ], [ 22.6122662, -19.1331978 ], [ 22.6121804, -19.1331978 ], [ 22.6120827, -19.1331227 ], [ 22.6120087, -19.1329646 ], [ 22.6120087, -19.132772 ], [ 22.6120516, -19.1325085 ], [ 22.612116, -19.1322754 ], [ 22.6121578, -19.1320382 ], [ 22.6121364, -19.1318659 ], [ 22.6120409, -19.1316672 ], [ 22.6119325, -19.1314503 ], [ 22.6118156, -19.1312719 ], [ 22.6116332, -19.1311705 ], [ 22.6114723, -19.1311198 ], [ 22.6112995, -19.1310144 ], [ 22.6112888, -19.1308928 ], [ 22.6112888, -19.1306495 ], [ 22.6113425, -19.1303961 ], [ 22.6114401, -19.1301569 ], [ 22.6114176, -19.1300008 ], [ 22.611321, -19.1298994 ], [ 22.6111815, -19.1297879 ], [ 22.6110528, -19.129717 ], [ 22.6110206, -19.1296257 ], [ 22.6110313, -19.1295345 ], [ 22.6112244, -19.129352 ], [ 22.6114927, -19.129129 ], [ 22.6117727, -19.1289101 ], [ 22.6119551, -19.1287378 ], [ 22.6120194, -19.1286263 ], [ 22.6119862, -19.1285513 ], [ 22.6118585, -19.1284844 ], [ 22.6116536, -19.1284398 ], [ 22.6113972, -19.128383 ], [ 22.6112137, -19.1282776 ], [ 22.6110431, -19.1281499 ], [ 22.6108382, -19.1280039 ], [ 22.6106676, -19.1279674 ], [ 22.6104638, -19.1279674 ], [ 22.6101741, -19.1279877 ], [ 22.6100024, -19.1279877 ], [ 22.6098833, -19.1279634 ], [ 22.6097975, -19.1279025 ], [ 22.609658, -19.1277404 ], [ 22.6094864, -19.1274464 ], [ 22.6093147, -19.1272031 ], [ 22.609186, -19.1270916 ], [ 22.6089928, -19.1269598 ], [ 22.6087997, -19.1268483 ], [ 22.6086828, -19.1267814 ], [ 22.6085959, -19.1266456 ], [ 22.6085111, -19.1263253 ], [ 22.6084349, -19.1259665 ], [ 22.6083384, -19.1258043 ], [ 22.6081571, -19.1256867 ], [ 22.6077386, -19.1256056 ], [ 22.6073524, -19.125636 ], [ 22.6071378, -19.1256968 ], [ 22.6070091, -19.1258083 ], [ 22.6069662, -19.1260516 ], [ 22.606934, -19.126599 ], [ 22.6069018, -19.1268321 ], [ 22.6068042, -19.1269092 ], [ 22.6066658, -19.1269436 ], [ 22.6064072, -19.1269396 ], [ 22.6058707, -19.1269193 ], [ 22.6055929, -19.1269436 ], [ 22.605506, -19.1270105 ], [ 22.6054319, -19.1272173 ], [ 22.6053354, -19.1276126 ], [ 22.6053568, -19.1278863 ], [ 22.6053354, -19.1280485 ], [ 22.6052066, -19.1280586 ], [ 22.6049588, -19.1280242 ], [ 22.6047238, -19.128008 ], [ 22.6044878, -19.1279066 ], [ 22.6042722, -19.127791 ], [ 22.6040576, -19.1277201 ], [ 22.6038645, -19.1277201 ], [ 22.6033387, -19.1277505 ], [ 22.602975, -19.1277647 ], [ 22.6028034, -19.1277647 ], [ 22.6026424, -19.1277039 ], [ 22.6024483, -19.1276288 ], [ 22.6023517, -19.1276288 ], [ 22.6021275, -19.1276836 ], [ 22.6019236, -19.1278458 ], [ 22.6017198, -19.1280282 ], [ 22.6015588, -19.1281397 ], [ 22.6013872, -19.1281499 ], [ 22.6012584, -19.1281499 ], [ 22.6010117, -19.128089 ], [ 22.6008175, -19.1280647 ], [ 22.6006673, -19.1280749 ], [ 22.6004967, -19.1281499 ], [ 22.600207, -19.1282107 ], [ 22.6000128, -19.1281864 ], [ 22.599809, -19.128085 ], [ 22.5995633, -19.1277951 ], [ 22.599412, -19.1274261 ], [ 22.5994131, -19.1270855 ], [ 22.5994442, -19.1267571 ], [ 22.5995096, -19.1261834 ], [ 22.5994774, -19.1256259 ], [ 22.5992736, -19.124673 ], [ 22.5989303, -19.1235174 ], [ 22.5986932, -19.1230065 ], [ 22.5985859, -19.1228241 ], [ 22.5984679, -19.122743 ], [ 22.5983295, -19.1227065 ], [ 22.5982533, -19.1226213 ], [ 22.59819, -19.1224936 ], [ 22.5982318, -19.1223375 ], [ 22.5982973, -19.1221287 ], [ 22.5983509, -19.121926 ], [ 22.5983606, -19.1216989 ], [ 22.5983402, -19.1212468 ], [ 22.5981889, -19.1208778 ], [ 22.5979754, -19.120598 ], [ 22.5978145, -19.1204662 ], [ 22.5976964, -19.1204156 ], [ 22.5975774, -19.1204216 ], [ 22.5974819, -19.1204358 ], [ 22.5972877, -19.1205129 ], [ 22.5972019, -19.120452 ], [ 22.5972029, -19.1203649 ], [ 22.5972351, -19.1201723 ], [ 22.5975784, -19.1195945 ], [ 22.5976632, -19.1194586 ], [ 22.5976632, -19.1192457 ], [ 22.5975774, -19.1190937 ], [ 22.597439, -19.1190471 ], [ 22.5973209, -19.1190673 ], [ 22.5971815, -19.1192093 ], [ 22.5969776, -19.1194627 ], [ 22.5968049, -19.1195803 ], [ 22.5966118, -19.1195803 ], [ 22.5964508, -19.1195093 ], [ 22.5962588, -19.1193917 ], [ 22.5961397, -19.1192356 ], [ 22.5960549, -19.1189457 ], [ 22.5960228, -19.1187632 ], [ 22.5960324, -19.118526 ], [ 22.5960109, -19.1184449 ], [ 22.5958781, -19.118332 ], [ 22.5957014, -19.1183474 ], [ 22.5955833, -19.1183626 ], [ 22.5954439, -19.118388 ], [ 22.5953151, -19.118393 ], [ 22.5952451, -19.1183573 ], [ 22.5951864, -19.1182866 ], [ 22.5951488, -19.1181852 ], [ 22.5951488, -19.1180382 ], [ 22.5951488, -19.1178811 ], [ 22.5951435, -19.1177848 ], [ 22.5950737, -19.1177037 ], [ 22.5949769, -19.1176731 ], [ 22.5948484, -19.1176885 ], [ 22.5944297, -19.1178859 ], [ 22.5940059, -19.1181089 ], [ 22.5937753, -19.1183016 ], [ 22.5936468, -19.1184792 ], [ 22.5934644, -19.1186515 ], [ 22.5933032, -19.1187831 ], [ 22.593164, -19.1189252 ], [ 22.5929655, -19.1193459 ], [ 22.5928314, -19.1194372 ], [ 22.5926866, -19.1194422 ], [ 22.5923966, -19.1194014 ], [ 22.5918763, -19.1191936 ], [ 22.5915708, -19.1189556 ], [ 22.5913079, -19.1186921 ], [ 22.5912382, -19.1185198 ], [ 22.5912111, -19.1183016 ], [ 22.5912811, -19.1181447 ], [ 22.5913398, -19.1179569 ], [ 22.5913935, -19.1178403 ], [ 22.5913666, -19.1177744 ], [ 22.5912647, -19.1176883 ], [ 22.5911416, -19.1175922 ], [ 22.5909056, -19.1173844 ], [ 22.5907015, -19.1172473 ], [ 22.5905569, -19.1171867 ], [ 22.590412, -19.1171512 ], [ 22.5902243, -19.1171614 ], [ 22.5900795, -19.1171969 ], [ 22.5898002, -19.1171814 ], [ 22.5893874, -19.1171664 ], [ 22.5891729, -19.1171664 ], [ 22.589017, -19.1171256 ], [ 22.5889207, -19.11706 ], [ 22.5888725, -19.1169688 ], [ 22.5888027, -19.1168877 ], [ 22.5886793, -19.1168775 ], [ 22.5884648, -19.1168674 ], [ 22.5883414, -19.1168471 ], [ 22.5882714, -19.1167708 ], [ 22.5882073, -19.1166545 ], [ 22.5881375, -19.1164366 ], [ 22.5880034, -19.1159297 ], [ 22.5880034, -19.1158587 ], [ 22.5880249, -19.1157827 ], [ 22.5880032, -19.1157115 ], [ 22.5879173, -19.115671 ], [ 22.5878261, -19.1156862 ], [ 22.5875633, -19.1156862 ], [ 22.5873865, -19.1156864 ], [ 22.5873436, -19.1156813 ], [ 22.5872736, -19.1156456 ], [ 22.587247, -19.1156002 ], [ 22.5872253, -19.115529 ], [ 22.5871827, -19.1154533 ], [ 22.5870915, -19.1154076 ], [ 22.5869413, -19.1153924 ], [ 22.5867801, -19.115377 ], [ 22.5864692, -19.1152201 ], [ 22.5863887, -19.1151289 ], [ 22.5862975, -19.1149261 ], [ 22.5862654, -19.1147994 ], [ 22.5862224, -19.1147538 ], [ 22.5858577, -19.1148146 ], [ 22.5856965, -19.1148448 ], [ 22.5855999, -19.1148448 ], [ 22.5855194, -19.1148144 ], [ 22.5854714, -19.1148197 ], [ 22.5854229, -19.1148803 ], [ 22.5853585, -19.1149005 ], [ 22.5852247, -19.1148906 ], [ 22.585112, -19.114845 ], [ 22.5849618, -19.1148552 ], [ 22.5848328, -19.1148549 ], [ 22.5846987, -19.114789 ], [ 22.5845702, -19.1147082 ], [ 22.5844522, -19.1146271 ], [ 22.5842376, -19.1145409 ], [ 22.5840659, -19.1143939 ], [ 22.5840016, -19.1142723 ], [ 22.5839801, -19.1141962 ], [ 22.584023, -19.1141202 ], [ 22.5840767, -19.1140391 ], [ 22.5840657, -19.113978 ], [ 22.5839959, -19.1139223 ], [ 22.583894, -19.1138868 ], [ 22.5837548, -19.1138313 ], [ 22.5836741, -19.1137702 ], [ 22.5836797, -19.1137046 ], [ 22.5837226, -19.1136437 ], [ 22.5837977, -19.1135981 ], [ 22.5838243, -19.1135523 ], [ 22.5837763, -19.1134968 ], [ 22.583379, -19.1131721 ], [ 22.583143, -19.113015 ], [ 22.5830038, -19.1129088 ], [ 22.5829609, -19.1127973 ], [ 22.5829394, -19.112706 ], [ 22.5828104, -19.1126095 ], [ 22.5826605, -19.1124526 ], [ 22.5825046, -19.112351 ], [ 22.5823708, -19.1123563 ], [ 22.5822042, -19.1123915 ], [ 22.5820165, -19.1125943 ], [ 22.5818287, -19.1129947 ], [ 22.5817002, -19.1133852 ], [ 22.5816734, -19.1135779 ], [ 22.5816841, -19.1137096 ], [ 22.581641, -19.1138817 ], [ 22.5815605, -19.1140084 ], [ 22.5814481, -19.1140188 ], [ 22.5813459, -19.1140236 ], [ 22.5812386, -19.1140642 ], [ 22.5811635, -19.1141909 ], [ 22.581126, -19.1143937 ], [ 22.5811155, -19.114546 ], [ 22.5810831, -19.114637 ], [ 22.5810509, -19.114637 ], [ 22.5809814, -19.1146169 ], [ 22.5808634, -19.1145358 ], [ 22.5807239, -19.1144091 ], [ 22.5805252, -19.1142619 ], [ 22.5803323, -19.1141709 ], [ 22.5800745, -19.1141554 ], [ 22.5798546, -19.1141757 ], [ 22.5797315, -19.1142368 ], [ 22.5795703, -19.1143987 ], [ 22.5794364, -19.1146423 ], [ 22.5792484, -19.1148296 ], [ 22.5790821, -19.114936 ], [ 22.5789536, -19.1149819 ], [ 22.5788461, -19.1149766 ], [ 22.578723, -19.114916 ], [ 22.5784759, -19.1147637 ], [ 22.5783475, -19.1146119 ], [ 22.5782938, -19.1144598 ], [ 22.5782563, -19.1140949 ], [ 22.5781863, -19.1137753 ], [ 22.5780253, -19.1135523 ], [ 22.5777574, -19.1134106 ], [ 22.577505, -19.1133647 ], [ 22.5772904, -19.113385 ], [ 22.577049, -19.1134965 ], [ 22.5768508, -19.1136691 ], [ 22.5766684, -19.1139124 ], [ 22.5765662, -19.1140389 ], [ 22.5764214, -19.1140794 ], [ 22.5763251, -19.1140797 ], [ 22.5762175, -19.1139831 ], [ 22.576132, -19.1138364 ], [ 22.576073, -19.1136488 ], [ 22.5759386, -19.1133444 ], [ 22.5758474, -19.1131772 ], [ 22.5756543, -19.113015 ], [ 22.5753592, -19.1128072 ], [ 22.5750534, -19.1125385 ], [ 22.5748981, -19.112336 ], [ 22.574823, -19.1121941 ], [ 22.5748174, -19.1120469 ], [ 22.5748496, -19.1118796 ], [ 22.5749196, -19.1117227 ], [ 22.5750484, -19.1116213 ], [ 22.57522, -19.1115859 ], [ 22.5753863, -19.1115757 ], [ 22.5755845, -19.1115045 ], [ 22.5759496, -19.1113223 ], [ 22.5761749, -19.1111094 ], [ 22.5763624, -19.1107543 ], [ 22.5764002, -19.1103846 ], [ 22.5763626, -19.1100703 ], [ 22.5762553, -19.1098523 ], [ 22.5761373, -19.1097662 ], [ 22.5760405, -19.1097304 ], [ 22.5759654, -19.1097406 ], [ 22.5758635, -19.1097862 ], [ 22.5757401, -19.109847 ], [ 22.5755684, -19.1098825 ], [ 22.5750803, -19.1099585 ], [ 22.5747262, -19.1100599 ], [ 22.5743617, -19.110197 ], [ 22.5739647, -19.1103339 ], [ 22.5737553, -19.110359 ], [ 22.5735731, -19.110344 ], [ 22.5734012, -19.1102728 ], [ 22.573321, -19.110197 ], [ 22.5732942, -19.1099943 ], [ 22.5733478, -19.1097408 ], [ 22.5734444, -19.1093911 ], [ 22.5735839, -19.1091021 ], [ 22.5736319, -19.1089296 ], [ 22.5735997, -19.1088637 ], [ 22.573498, -19.1088082 ], [ 22.5732942, -19.1087625 ], [ 22.5730635, -19.1087271 ], [ 22.5728916, -19.1087319 ], [ 22.572677, -19.1087572 ], [ 22.572441, -19.1088079 ], [ 22.5722157, -19.108813 ], [ 22.5718941, -19.1087575 ], [ 22.5715293, -19.1086612 ], [ 22.5713898, -19.1085649 ], [ 22.5713094, -19.1084533 ], [ 22.5712876, -19.1083466 ], [ 22.5713576, -19.1081695 ], [ 22.5715558, -19.1079665 ], [ 22.5717707, -19.1077893 ], [ 22.5718404, -19.1076829 ], [ 22.5718565, -19.107546 ], [ 22.5718187, -19.1074038 ], [ 22.5717063, -19.1072672 ], [ 22.5715773, -19.1071301 ], [ 22.5715186, -19.1070138 ], [ 22.5714596, -19.1068262 ], [ 22.5714327, -19.1066083 ], [ 22.5713466, -19.1062532 ], [ 22.5712718, -19.1059899 ], [ 22.5711645, -19.1057972 ], [ 22.5710409, -19.1056145 ], [ 22.5709231, -19.1053664 ], [ 22.5707461, -19.1049761 ], [ 22.5706654, -19.104839 ], [ 22.5705581, -19.1047933 ], [ 22.5703116, -19.1047885 ], [ 22.5701665, -19.1047781 ], [ 22.570038, -19.1047328 ], [ 22.5699629, -19.1046669 ], [ 22.5698771, -19.1045351 ], [ 22.5698234, -19.104307 ], [ 22.5697966, -19.1041144 ], [ 22.5697644, -19.1039775 ], [ 22.5696783, -19.103886 ], [ 22.5695391, -19.1037849 ], [ 22.5693457, -19.103663 ], [ 22.569287, -19.1035416 ], [ 22.5692762, -19.1033844 ], [ 22.5693192, -19.1032374 ], [ 22.5694369, -19.1031206 ], [ 22.5696678, -19.1029536 ], [ 22.5697856, -19.1028468 ], [ 22.569802, -19.1027001 ], [ 22.5697859, -19.102543 ], [ 22.5697429, -19.1024112 ], [ 22.5697429, -19.1022743 ], [ 22.5697859, -19.1021476 ], [ 22.5698824, -19.1020563 ], [ 22.5700755, -19.1019803 ], [ 22.5703757, -19.1018736 ], [ 22.5705154, -19.1017674 ], [ 22.5705637, -19.1016609 ], [ 22.570612, -19.1013974 ], [ 22.5706066, -19.1011135 ], [ 22.5705905, -19.1008955 ], [ 22.5705315, -19.1006877 ], [ 22.5703813, -19.1004241 ], [ 22.5703116, -19.1002163 ], [ 22.5703381, -19.1000183 ], [ 22.5703867, -19.0998969 ], [ 22.5705691, -19.0996789 ], [ 22.5707246, -19.0994458 ], [ 22.5708156, -19.0991971 ], [ 22.5708319, -19.0989895 ], [ 22.5708107, -19.0987815 ], [ 22.5707249, -19.0985685 ], [ 22.5707142, -19.0983759 ], [ 22.5707887, -19.0982644 ], [ 22.5709931, -19.0981529 ], [ 22.571197, -19.0981529 ], [ 22.5714866, -19.0981934 ], [ 22.5717012, -19.0981732 ], [ 22.5717972, -19.0981022 ], [ 22.5718509, -19.0979704 ], [ 22.5717758, -19.0978082 ], [ 22.5716792, -19.097646 ], [ 22.571411, -19.0974229 ], [ 22.5710677, -19.0970985 ], [ 22.5708317, -19.096693 ], [ 22.5707136, -19.0965105 ], [ 22.5705205, -19.0963381 ], [ 22.5703172, -19.0961049 ], [ 22.5702099, -19.0956994 ], [ 22.5701777, -19.0953648 ], [ 22.5702421, -19.0948782 ], [ 22.5702421, -19.0946348 ], [ 22.5701772, -19.0944321 ], [ 22.5700806, -19.09428 ], [ 22.5698022, -19.093915 ], [ 22.5695978, -19.0936615 ], [ 22.5693082, -19.093479 ], [ 22.5690292, -19.0933574 ], [ 22.5687181, -19.0932053 ], [ 22.5685255, -19.0930127 ], [ 22.5682358, -19.0928606 ], [ 22.5679676, -19.0926578 ], [ 22.5678281, -19.092455 ], [ 22.5677423, -19.092232 ], [ 22.5677101, -19.0918974 ], [ 22.5676779, -19.0915933 ], [ 22.5675921, -19.0914006 ], [ 22.5673984, -19.0911472 ], [ 22.5673024, -19.0909444 ], [ 22.5672917, -19.0906808 ], [ 22.5673024, -19.0904379 ], [ 22.5673882, -19.0901743 ], [ 22.5673877, -19.0899001 ], [ 22.5673239, -19.0897282 ], [ 22.5672058, -19.0895559 ], [ 22.5670122, -19.0892512 ], [ 22.5668947, -19.0888867 ], [ 22.5669054, -19.088471 ], [ 22.5669805, -19.0877207 ], [ 22.5671415, -19.0872341 ], [ 22.5673668, -19.0868792 ], [ 22.5674848, -19.0866663 ], [ 22.5675384, -19.0864736 ], [ 22.5675277, -19.0862709 ], [ 22.567377, -19.0859256 ], [ 22.5672917, -19.0855915 ], [ 22.5673346, -19.0853279 ], [ 22.5674741, -19.0851758 ], [ 22.5676886, -19.0850846 ], [ 22.5680534, -19.0850237 ], [ 22.5684289, -19.0850136 ], [ 22.5685791, -19.0849426 ], [ 22.5686328, -19.0847804 ], [ 22.5686322, -19.0845568 ], [ 22.5685362, -19.0842228 ], [ 22.5678067, -19.0823571 ], [ 22.5677745, -19.0821442 ], [ 22.5678818, -19.0818806 ], [ 22.5679998, -19.0816778 ], [ 22.5680207, -19.0814948 ], [ 22.5679569, -19.0813736 ], [ 22.5676237, -19.0811602 ], [ 22.5674848, -19.0809883 ], [ 22.5674097, -19.080816 ], [ 22.5674311, -19.0805929 ], [ 22.567356, -19.0802279 ], [ 22.5672809, -19.0799642 ], [ 22.5671093, -19.0795485 ], [ 22.5670449, -19.0792139 ], [ 22.5669913, -19.0789097 ], [ 22.5667225, -19.0784631 ], [ 22.5665299, -19.0782405 ], [ 22.5663577, -19.0781285 ], [ 22.566133, -19.0780986 ], [ 22.5658433, -19.0781493 ], [ 22.5655643, -19.0782101 ], [ 22.5652747, -19.0782405 ], [ 22.5650595, -19.0782197 ], [ 22.5645982, -19.0779865 ], [ 22.5640838, -19.0777538 ], [ 22.5638263, -19.0776322 ], [ 22.5636111, -19.0776317 ], [ 22.5634293, -19.0776423 ], [ 22.5632362, -19.077693 ], [ 22.5630216, -19.0776727 ], [ 22.5629036, -19.0775612 ], [ 22.5628065, -19.0774289 ], [ 22.562689, -19.0772874 ], [ 22.5624953, -19.0772464 ], [ 22.5623028, -19.0772367 ], [ 22.5621847, -19.0772164 ], [ 22.5620018, -19.0771145 ], [ 22.5618736, -19.0769427 ], [ 22.5617449, -19.0766892 ], [ 22.5616698, -19.0763647 ], [ 22.561541, -19.0759693 ], [ 22.561401, -19.0756443 ], [ 22.5612943, -19.075442 ], [ 22.5611011, -19.0752392 ], [ 22.5609831, -19.0751277 ], [ 22.5609295, -19.0749452 ], [ 22.5609187, -19.0747525 ], [ 22.5609831, -19.0743976 ], [ 22.5611548, -19.0739819 ], [ 22.5615083, -19.0734642 ], [ 22.5618522, -19.0731403 ], [ 22.5620453, -19.0729476 ], [ 22.5621418, -19.0728361 ], [ 22.562174, -19.0725724 ], [ 22.5622169, -19.0723392 ], [ 22.5623135, -19.0721567 ], [ 22.5624632, -19.0720142 ], [ 22.5626563, -19.0718824 ], [ 22.5628177, -19.0718018 ], [ 22.5628928, -19.0715686 ], [ 22.5629358, -19.0712441 ], [ 22.5629358, -19.0709805 ], [ 22.5629143, -19.0706357 ], [ 22.562946, -19.0704121 ], [ 22.5630431, -19.0701693 ], [ 22.5632147, -19.0698955 ], [ 22.5633435, -19.0695102 ], [ 22.5633542, -19.0692668 ], [ 22.5633005, -19.069064 ], [ 22.563204, -19.0687902 ], [ 22.5631503, -19.0685367 ], [ 22.5632576, -19.0683542 ], [ 22.5634722, -19.0681615 ], [ 22.5636224, -19.0679993 ], [ 22.5637399, -19.0676844 ], [ 22.5638584, -19.067401 ], [ 22.564191, -19.0669447 ], [ 22.5645022, -19.0664783 ], [ 22.5645558, -19.0661943 ], [ 22.5645124, -19.0659707 ], [ 22.5643729, -19.0657071 ], [ 22.5641583, -19.065484 ], [ 22.5640194, -19.0652209 ], [ 22.5639121, -19.0649674 ], [ 22.5637506, -19.0648452 ], [ 22.5634395, -19.0646931 ], [ 22.5629572, -19.0646023 ], [ 22.5622486, -19.064541 ], [ 22.5611655, -19.0646936 ], [ 22.5607793, -19.0647138 ], [ 22.5604032, -19.0646626 ], [ 22.560275, -19.0645516 ], [ 22.5602428, -19.0643894 ], [ 22.5601999, -19.0640243 ], [ 22.5602214, -19.0637505 ], [ 22.5601248, -19.0635274 ], [ 22.5599317, -19.0632739 ], [ 22.5596742, -19.0629596 ], [ 22.5593952, -19.0625438 ], [ 22.559288, -19.0622801 ], [ 22.559245, -19.0619658 ], [ 22.559288, -19.0616109 ], [ 22.5592123, -19.0613467 ], [ 22.559009, -19.0609213 ], [ 22.5586973, -19.0603935 ], [ 22.5583009, -19.0597856 ], [ 22.5579034, -19.0593591 ], [ 22.5574635, -19.0589535 ], [ 22.55697, -19.0587 ], [ 22.5563477, -19.0584972 ], [ 22.5556933, -19.0582741 ], [ 22.5555007, -19.0581529 ], [ 22.5554363, -19.0580008 ], [ 22.555447, -19.0577676 ], [ 22.5555329, -19.0575749 ], [ 22.5557153, -19.0573011 ], [ 22.5560902, -19.0569659 ], [ 22.5562032, -19.0567687 ], [ 22.5564446, -19.0567383 ], [ 22.5566106, -19.0567023 ], [ 22.5567232, -19.0566313 ], [ 22.5568308, -19.0565253 ], [ 22.5569217, -19.0564031 ], [ 22.5570051, -19.0561906 ], [ 22.5571084, -19.0560322 ], [ 22.5572479, -19.0558915 ], [ 22.5573927, -19.0557648 ], [ 22.5575027, -19.055572 ], [ 22.5575335, -19.0554453 ], [ 22.5575736, -19.054833 ], [ 22.5576301, -19.054487 ], [ 22.5576837, -19.0538988 ], [ 22.5576455, -19.0530704 ], [ 22.5575704, -19.0527344 ], [ 22.557614, -19.0526362 ], [ 22.5577106, -19.0525145 ], [ 22.5579064, -19.0523675 ], [ 22.5580163, -19.0522344 ], [ 22.5580901, -19.0520848 ], [ 22.5581397, -19.0518757 ], [ 22.558177, -19.0517433 ], [ 22.558295, -19.0514289 ], [ 22.5586922, -19.0507753 ], [ 22.5591643, -19.0499336 ], [ 22.5593733, -19.0496846 ], [ 22.5595586, -19.0495051 ], [ 22.559698, -19.0494646 ], [ 22.5598188, -19.0494519 ], [ 22.560079, -19.0494595 ], [ 22.5601674, -19.0494088 ], [ 22.5601806, -19.0493322 ], [ 22.5601782, -19.0492541 ], [ 22.5601943, -19.0491375 ], [ 22.5602318, -19.048955 ], [ 22.5603177, -19.048742 ], [ 22.5604196, -19.0485848 ], [ 22.5607039, -19.0482273 ], [ 22.5609129, -19.0479048 ], [ 22.5609775, -19.0476366 ], [ 22.5610094, -19.0474358 ], [ 22.5610204, -19.0472816 ], [ 22.561015, -19.0469977 ], [ 22.5609614, -19.0468304 ], [ 22.5609775, -19.0467492 ], [ 22.561074, -19.0466123 ], [ 22.5611411, -19.0465362 ], [ 22.5612376, -19.0464196 ], [ 22.5612779, -19.0462929 ], [ 22.5612725, -19.0459886 ], [ 22.5612937, -19.0456534 ], [ 22.5613637, -19.0454511 ], [ 22.561514, -19.0453193 ], [ 22.5615998, -19.0452078 ], [ 22.5617098, -19.0448579 ], [ 22.561747, -19.0444136 ], [ 22.5618063, -19.0441428 ], [ 22.5618465, -19.0438893 ], [ 22.5618222, -19.0432681 ], [ 22.5618355, -19.0431282 ], [ 22.5618948, -19.042865 ], [ 22.5618948, -19.0426824 ], [ 22.5618304, -19.0424898 ], [ 22.5617607, -19.0423224 ], [ 22.5617607, -19.0421754 ], [ 22.5618036, -19.0420384 ], [ 22.5618894, -19.0419522 ], [ 22.5620933, -19.0417798 ], [ 22.5622274, -19.0416023 ], [ 22.5624688, -19.0410547 ], [ 22.5626402, -19.0406434 ], [ 22.562678, -19.0403955 ], [ 22.5626831, -19.0401617 ], [ 22.5627262, -19.0400532 ], [ 22.5628441, -19.0399492 ], [ 22.5629863, -19.039934 ], [ 22.5631955, -19.0399796 ], [ 22.5632787, -19.0399568 ], [ 22.5633377, -19.0399492 ], [ 22.5633885, -19.03986 ], [ 22.5633967, -19.0397134 ], [ 22.5633778, -19.0395862 ], [ 22.563268, -19.0394548 ], [ 22.5631392, -19.0392925 ], [ 22.56293, -19.0389655 ], [ 22.5625892, -19.0384731 ], [ 22.5624578, -19.0382576 ], [ 22.5623721, -19.0380552 ], [ 22.5622781, -19.0378848 ], [ 22.5621869, -19.0377682 ], [ 22.5620823, -19.0376795 ], [ 22.5618732, -19.0374594 ], [ 22.561554, -19.0369371 ], [ 22.5615138, -19.0367925 ], [ 22.5615137, -19.0366222 ], [ 22.5615567, -19.0364401 ], [ 22.5616291, -19.0362854 ], [ 22.5617658, -19.0361125 ], [ 22.5618571, -19.0359711 ], [ 22.5618811, -19.0358337 ], [ 22.5618516, -19.0357221 ], [ 22.5617041, -19.0356003 ], [ 22.5616157, -19.03554 ], [ 22.5615218, -19.0354589 ], [ 22.5614627, -19.0353316 ], [ 22.5614736, -19.0352078 ], [ 22.5615325, -19.035149 ], [ 22.561664, -19.0350557 ], [ 22.5618866, -19.0349568 ], [ 22.5620179, -19.0348194 ], [ 22.56212, -19.0346373 ], [ 22.5622084, -19.0344086 ], [ 22.5622325, -19.0342134 ], [ 22.5622003, -19.0340435 ], [ 22.5621011, -19.0338838 ], [ 22.5619294, -19.0337114 ], [ 22.5617953, -19.0335643 ], [ 22.561723, -19.0334253 ], [ 22.5617096, -19.0332377 ], [ 22.5617418, -19.0330349 ], [ 22.5618357, -19.032723 ], [ 22.5619698, -19.0324365 ], [ 22.5620742, -19.0322965 ], [ 22.5622621, -19.0321905 ], [ 22.5624687, -19.0321525 ], [ 22.5626806, -19.0321525 ], [ 22.5628978, -19.032193 ], [ 22.5630534, -19.0322311 ], [ 22.5633055, -19.0322285 ], [ 22.5635039, -19.0321723 ], [ 22.5637105, -19.0320789 ], [ 22.56385, -19.0320333 ], [ 22.5639519, -19.0320358 ], [ 22.564086, -19.0320637 ], [ 22.5642175, -19.0321018 ], [ 22.5643113, -19.0321094 ], [ 22.5644641, -19.032086 ], [ 22.5647432, -19.0319496 ], [ 22.5649817, -19.0318604 ], [ 22.5650918, -19.0317798 ], [ 22.5651695, -19.031655 ], [ 22.5652206, -19.0316073 ], [ 22.5653386, -19.0315186 ], [ 22.5654996, -19.0314856 ], [ 22.5656873, -19.0314932 ], [ 22.5658831, -19.031511 ], [ 22.5660065, -19.031511 ], [ 22.5660896, -19.0314907 ], [ 22.5661889, -19.0313969 ], [ 22.5663042, -19.0312397 ], [ 22.5664275, -19.0311631 ], [ 22.5665215, -19.0311281 ], [ 22.5666797, -19.0311002 ], [ 22.5668112, -19.0310596 ], [ 22.5669506, -19.0309481 ], [ 22.5670497, -19.0307878 ], [ 22.5671303, -19.0305956 ], [ 22.5671518, -19.0304562 ], [ 22.5671329, -19.0303568 ], [ 22.567066, -19.0302356 ], [ 22.5670444, -19.0301286 ], [ 22.5670631, -19.0300297 ], [ 22.5670444, -19.0298902 ], [ 22.5670202, -19.0297989 ], [ 22.5669748, -19.0297234 ], [ 22.5669049, -19.0296468 ], [ 22.5667977, -19.0295154 ], [ 22.5667386, -19.029378 ], [ 22.5667012, -19.029196 ], [ 22.5666958, -19.0290007 ], [ 22.5667011, -19.0287746 ], [ 22.5667493, -19.028592 ], [ 22.5668407, -19.0284505 ], [ 22.5669506, -19.0283085 ], [ 22.56698, -19.028204 ], [ 22.5669988, -19.0280012 ], [ 22.5669961, -19.0278389 ], [ 22.5669372, -19.0276644 ], [ 22.5668836, -19.0275909 ], [ 22.5668031, -19.0275098 ], [ 22.5667091, -19.0273901 ], [ 22.566652, -19.0272637 ], [ 22.5665028, -19.0267491 ], [ 22.5664436, -19.0265761 ], [ 22.5663634, -19.0264701 ], [ 22.5662614, -19.0264397 ], [ 22.5661756, -19.0264448 ], [ 22.5660895, -19.026495 ], [ 22.5659932, -19.0265766 ], [ 22.5659288, -19.0266223 ], [ 22.565832, -19.0265964 ], [ 22.5657891, -19.0265026 ], [ 22.5657285, -19.0262881 ], [ 22.5656122, -19.026143 ], [ 22.5652537, -19.0259026 ], [ 22.5652099, -19.0258108 ], [ 22.5652394, -19.0257018 ], [ 22.5653557, -19.0255172 ], [ 22.5654173, -19.0252941 ], [ 22.5654925, -19.0247641 ], [ 22.5655424, -19.0246769 ], [ 22.565631, -19.0246419 ], [ 22.5657821, -19.02465 ], [ 22.5659636, -19.0246723 ], [ 22.5661084, -19.0245785 ], [ 22.5662075, -19.0243042 ], [ 22.5662854, -19.0242336 ], [ 22.56645, -19.0242038 ], [ 22.566669, -19.024084 ], [ 22.5668164, -19.0239441 ], [ 22.5668228, -19.023793 ], [ 22.5666699, -19.0235166 ], [ 22.5666663, -19.0233233 ], [ 22.5667252, -19.0230413 ], [ 22.5669247, -19.0226417 ], [ 22.5670535, -19.0225555 ], [ 22.567421, -19.0224439 ], [ 22.5680287, -19.0222198 ], [ 22.5681585, -19.0221168 ], [ 22.5683427, -19.0217486 ], [ 22.5684768, -19.0216016 ], [ 22.5688613, -19.0212471 ], [ 22.5691554, -19.0210564 ], [ 22.5695227, -19.0208606 ], [ 22.5698671, -19.0207196 ], [ 22.5701559, -19.020638 ], [ 22.5702105, -19.0205979 ], [ 22.5702105, -19.0204965 ], [ 22.5701675, -19.0203926 ], [ 22.5699878, -19.0201567 ], [ 22.5698779, -19.0199437 ], [ 22.5698886, -19.019789 ], [ 22.5699547, -19.0196744 ], [ 22.5701237, -19.0195882 ], [ 22.5703677, -19.0195598 ], [ 22.5705098, -19.0195369 ], [ 22.5705742, -19.0194609 ], [ 22.5705967, -19.0192793 ], [ 22.5705618, -19.0190587 ], [ 22.5704053, -19.0185383 ], [ 22.5703597, -19.0181301 ], [ 22.5703553, -19.0178263 ], [ 22.5699368, -19.0167055 ], [ 22.5698296, -19.0162922 ], [ 22.5698313, -19.0160761 ], [ 22.5698671, -19.0159726 ], [ 22.570085, -19.0156436 ], [ 22.5701635, -19.0154807 ], [ 22.5701652, -19.0153153 ], [ 22.5701299, -19.0151764 ], [ 22.5700093, -19.0149406 ], [ 22.5697625, -19.0146844 ], [ 22.5692905, -19.0142862 ], [ 22.5688148, -19.0140575 ], [ 22.5684724, -19.0139642 ], [ 22.5681683, -19.0138597 ], [ 22.5680083, -19.013736 ], [ 22.5678286, -19.0135306 ], [ 22.5675648, -19.0130051 ], [ 22.5673074, -19.0123534 ], [ 22.5669855, -19.0116966 ], [ 22.5667745, -19.0111367 ], [ 22.5664437, -19.010525 ], [ 22.566391, -19.0103937 ], [ 22.5663695, -19.010239 ], [ 22.5664625, -19.0097085 ], [ 22.566466, -19.009496 ], [ 22.5663937, -19.0093184 ], [ 22.5661111, -19.0091252 ], [ 22.5658025, -19.0090029 ], [ 22.5655327, -19.0089938 ], [ 22.5649721, -19.0091282 ], [ 22.5644024, -19.0092185 ], [ 22.5639813, -19.0092058 ], [ 22.5635988, -19.0090953 ], [ 22.5629969, -19.0086936 ], [ 22.5628442, -19.0086231 ], [ 22.5626563, -19.0085871 ], [ 22.5623559, -19.0085668 ], [ 22.5621628, -19.0085262 ], [ 22.5620286, -19.008473 ], [ 22.561731, -19.0081788 ], [ 22.5615362, -19.007977 ], [ 22.5613779, -19.0079744 ], [ 22.5611918, -19.0080089 ], [ 22.5609182, -19.008161 ], [ 22.560769, -19.0081671 ], [ 22.5606286, -19.0080728 ], [ 22.5605545, -19.0079795 ], [ 22.5605294, -19.0078192 ], [ 22.5605545, -19.0076371 ], [ 22.5607181, -19.0072948 ], [ 22.5607467, -19.0071852 ], [ 22.5607476, -19.0070259 ], [ 22.5606591, -19.0066988 ], [ 22.5606833, -19.0065137 ], [ 22.5608147, -19.0063868 ], [ 22.5611365, -19.0063463 ], [ 22.5615013, -19.0063463 ], [ 22.5617615, -19.0061561 ], [ 22.5618392, -19.0059888 ], [ 22.5618527, -19.0055551 ], [ 22.5618286, -19.0051087 ], [ 22.5619492, -19.0045102 ], [ 22.5620324, -19.004244 ], [ 22.5619642, -19.003997 ], [ 22.5617132, -19.0036987 ], [ 22.561512, -19.0035212 ], [ 22.5611249, -19.0034319 ], [ 22.5605963, -19.0030586 ], [ 22.5602451, -19.003087 ], [ 22.5600609, -19.0030495 ], [ 22.5596307, -19.0026224 ], [ 22.559266, -19.0022167 ], [ 22.5588287, -19.0014406 ], [ 22.5583433, -19.0009182 ], [ 22.5580832, -19.0008041 ], [ 22.5579143, -19.0007944 ], [ 22.5578508, -19.000696 ], [ 22.5578508, -19.0006174 ], [ 22.5579822, -19.0003587 ], [ 22.5580215, -19.0001934 ], [ 22.5580278, -18.9998388 ], [ 22.5579581, -18.9996005 ], [ 22.5577355, -18.9988954 ], [ 22.5576997, -18.9987022 ], [ 22.5577775, -18.998413 ], [ 22.5577677, -18.9982437 ], [ 22.5577006, -18.9980864 ], [ 22.5575118, -18.9979536 ], [ 22.5572142, -18.9978855 ], [ 22.5569217, -18.9978292 ], [ 22.5567849, -18.9977151 ], [ 22.5567162, -18.9975817 ], [ 22.5567367, -18.9974514 ], [ 22.5570516, -18.9968564 ], [ 22.5570516, -18.9967118 ], [ 22.5569713, -18.9966185 ], [ 22.5568065, -18.9965794 ], [ 22.5566001, -18.9966179 ], [ 22.5561343, -18.9968929 ], [ 22.5559056, -18.9969547 ], [ 22.5557752, -18.9969587 ], [ 22.55557, -18.9968533 ], [ 22.5554314, -18.9966713 ], [ 22.5554047, -18.9965368 ], [ 22.5554118, -18.996303 ], [ 22.5553805, -18.9961006 ], [ 22.5552759, -18.995989 ], [ 22.5550817, -18.9958663 ], [ 22.5548145, -18.9957481 ], [ 22.5546832, -18.995568 ], [ 22.5545813, -18.9951395 ], [ 22.5545785, -18.9949289 ] ] ] ] } }
]
}
